gin_pc,esm_pc,W
0,56,-0.2511
29,34,0.2164
3,32,0.2106
49,4,-0.199
18,5,0.1943
4,44,0.1882
62,44,-0.1848
7,0,0.1819
47,1,0.1806
40,5,-0.176
47,0,-0.1751
50,55,-0.174
58,18,-0.1729
0,46,-0.1723
19,52,0.1713
59,28,-0.1706
41,48,0.1694
60,20,-0.166
30,16,-0.164
19,41,0.162
3,11,0.1602
28,3,-0.1587
45,33,0.1585
10,43,-0.1585
1,7,-0.1561
63,0,0.153
1,25,0.1519
35,9,0.1506
53,46,0.1499
45,41,0.1488
33,38,0.1475
4,24,0.1474
27,33,-0.1472
31,0,0.1463
1,30,-0.1453
23,13,0.1451
47,30,0.1448
24,63,0.1446
4,14,-0.1439
18,41,0.1438
