variant,split,AUROC,AUPRC,MCC,F1,precision,recall,train,test,test_pos
random,stratified,0.7477,0.2136,0.1028,0.0722,0.3889,0.0398,17107,4277,352
random,group_molecule,0.5557,0.0888,0.0023,0.0058,0.0833,0.003,16767,4617,330
random,group_receptor,0.7378,0.2362,0.0696,0.0434,0.3462,0.0231,17063,4321,389
mean,stratified,0.8862,0.5555,0.5127,0.552,0.5618,0.5426,17107,4277,352
mean,group_molecule,0.7724,0.3828,0.3658,0.3993,0.473,0.3455,16767,4617,330
mean,group_receptor,0.8426,0.4406,0.3662,0.4172,0.4545,0.3856,17063,4321,389
pocket22,stratified,0.8794,0.5441,0.4892,0.5316,0.5265,0.5369,17107,4277,352
pocket22,group_molecule,0.7737,0.3796,0.3538,0.394,0.4343,0.3606,16767,4617,330
pocket22,group_receptor,0.8441,0.4265,0.4124,0.4624,0.4845,0.4422,17063,4321,389
mlp22,stratified,0.8885,0.546,0.4555,0.5007,0.4958,0.5057,17107,4277,352
mlp22,group_molecule,0.7503,0.3872,0.368,0.4054,0.458,0.3636,16767,4617,330
mlp22,group_receptor,0.8444,0.4074,0.3532,0.4,0.4628,0.3522,17063,4321,389
ecl2_hydro,stratified,0.8728,0.5381,0.475,0.5168,0.5315,0.5028,17107,4277,352
ecl2_hydro,group_molecule,0.734,0.3665,0.3462,0.3851,0.4351,0.3455,16767,4617,330
ecl2_hydro,group_receptor,0.831,0.4147,0.3734,0.4265,0.4489,0.4062,17063,4321,389
ecl2_bw,stratified,0.8832,0.5452,0.4915,0.533,0.5376,0.5284,17107,4277,352
ecl2_bw,group_molecule,0.7595,0.376,0.3475,0.3881,0.4286,0.3545,16767,4617,330
ecl2_bw,group_receptor,0.8485,0.4295,0.3562,0.4006,0.4737,0.347,17063,4321,389
background,stratified,0.8844,0.5469,0.4894,0.5304,0.5414,0.5199,17107,4277,352
background,group_molecule,0.7598,0.3664,0.3378,0.3761,0.4314,0.3333,16767,4617,330
background,group_receptor,0.8398,0.4412,0.3831,0.4324,0.4726,0.3985,17063,4321,389
concat22_pca,stratified,0.8834,0.5441,0.4782,0.5212,0.5198,0.5227,17107,4277,352
concat22_pca,group_molecule,0.7659,0.3711,0.3332,0.3776,0.4,0.3576,16767,4617,330
concat22_pca,group_receptor,0.8467,0.4238,0.3228,0.3711,0.4345,0.3239,17063,4321,389
