inchikey,smiles
XMGQYMWWDOXHJM-SNVBAGLBSA-N,CC1=CC[C@H](CC1)C(=C)C
ULDHMXUKGWMISQ-VIFPVBQESA-N,CC1=CC[C@@H](CC1=O)C(=C)C
NOOLISFMXDJSKH-AEJSXWLSSA-N,C[C@H]1CC[C@@H]([C@H](C1)O)C(C)C
FYGHSUNMUKGBRK-UHFFFAOYSA-N,CC1=C(C(=CC=C1)C)C
LRHPLDYGYMQRHN-UHFFFAOYSA-N,CCCCO
RWNUSVWFHDHRCJ-UHFFFAOYSA-N,CCCCOCC(C)O
LQZZUXJYWNFBMV-UHFFFAOYSA-N,CCCCCCCCCCCCO
KBPLFHHGFOOTCA-UHFFFAOYSA-N,CCCCCCCCO
BDERNNFJNOPAEC-UHFFFAOYSA-N,CCCO
FJPGAMCQJNLTJC-UHFFFAOYSA-N,CCCCC(=O)C(=O)C
LCZUOKDVTBMCMX-UHFFFAOYSA-N,CC1=CN=C(C=N1)C
QPRQEDXDYOZYLA-UHFFFAOYSA-N,CCC(C)CO
PFCHFHIRKBAQGU-UHFFFAOYSA-N,CCCC(=O)CC
AQIXEPGDORPWBJ-UHFFFAOYSA-N,CCC(CC)O
GRWFGVWFFZKLTI-UHFFFAOYSA-N,CC1=CCC2CC1C2(C)C
LNIMMWYNSBZESE-UHFFFAOYSA-N,CCC1=NC=CN=C1C
WTARULDDTDQWMU-UHFFFAOYSA-N,CC1(C2CCC(=C)C1C2)C
QTBSBXVTEAMEQO-UHFFFAOYSA-N,CC(=O)O
FERIUCNNQQJTOY-UHFFFAOYSA-N,CCCC(=O)O
ZYGHJZDHTFUPRJ-UHFFFAOYSA-N,C1=CC=C2C(=C1)C=CC(=O)O2
POULHZVOKOAJMA-UHFFFAOYSA-N,CCCCCCCCCCCC(=O)O
RGXWDWUGBIJHDO-UHFFFAOYSA-N,CCCCCCCCCC(=O)OCC
MMXKVMNBHPAILY-UHFFFAOYSA-N,CCCCCCCCCCCC(=O)OCC
XIRNKXNNONJFQO-UHFFFAOYSA-N,CCCCCCCCCCCCCCCC(=O)OCC
MVLVMROFTAUDAG-UHFFFAOYSA-N,CCCCCCCCCCCCCCCCCC(=O)OCC
YYZUSRORWSJGET-UHFFFAOYSA-N,CCCCCCCC(=O)OCC
MMKRHZKQPFCLLS-UHFFFAOYSA-N,CCCCCCCCCCCCCC(=O)OCC
RRAFCDWBNXTKKO-UHFFFAOYSA-N,COC1=C(C=CC(=C1)CC=C)O
CRDAMVZIKSXKFV-YFVJMOTDSA-N,CC(=CCC/C(=C/CC/C(=C/CO)/C)/C)C
GLZPCOQZEFWAFX-JXMROGBWSA-N,CC(=CCC/C(=C/CO)/C)C
MNWFXJYAOYHMED-UHFFFAOYSA-N,CCCCCCC(=O)O
HJFZAYHYIWGLNL-UHFFFAOYSA-N,CC1=CN=CC(=N1)C
FUZZWVXGSFPDMH-UHFFFAOYSA-N,CCCCCC(=O)O
GWYFCOCPABKNJV-UHFFFAOYSA-N,CC(C)CC(=O)O
JVTAAEKCZFNVCJ-UHFFFAOYSA-N,CC(C(=O)O)O
SDQFDHOLCGWZPU-UHFFFAOYSA-N,CC(CC1=CC=C(C=C1)C(C)(C)C)C=O
CDOSHBSSFJOMGT-UHFFFAOYSA-N,CC(=CCCC(C)(C=C)O)C
ORMHZBNNECIKOH-UHFFFAOYSA-N,CC(C)(CCCC1=CCC(CC1)C=O)O
DRLFMBDRBRZALE-UHFFFAOYSA-N,CC(=O)NCCC1=CNC2=C1C=C(C=C2)OC
YRHYCMZPEVDGFQ-UHFFFAOYSA-N,CCCCCCCCCC(=O)OC
UQDUPQYQJKYHQI-UHFFFAOYSA-N,CCCCCCCCCCCC(=O)OC
FLIACVVOZYBSBS-UHFFFAOYSA-N,CCCCCCCCCCCCCCCC(=O)OC
HPEUJPJOZXNMSJ-UHFFFAOYSA-N,CCCCCCCCCCCCCCCCCC(=O)OC
JGHZJRVDZXSNKQ-UHFFFAOYSA-N,CCCCCCCC(=O)OC
ZAZKJZBWRNNLDS-UHFFFAOYSA-N,CCCCCCCCCCCCCC(=O)OC
IVSZLXZYQVIEFR-UHFFFAOYSA-N,CC1=CC(=CC=C1)C
GYHFUZHODSMOHU-UHFFFAOYSA-N,CCCCCCCCC=O
ALHUZKCOMYUFRB-UHFFFAOYSA-N,CC1CCCCCCCCCCCCC(=O)C1
QIQXTHQIDYTFRH-UHFFFAOYSA-N,CCCCCCCCCCCCCCCCCC(=O)O
NUJGJRNETVAIRJ-UHFFFAOYSA-N,CCCCCCCC=O
WWZKQHOCKIZLMA-UHFFFAOYSA-N,CCCCCCCC(=O)O
IPCSVZSSVZVIGE-UHFFFAOYSA-N,CCCCCCCCCCCCCCCC(=O)O
ZRSNZINYAWTAHE-UHFFFAOYSA-N,COC1=CC=C(C=C1)C=O
HFPZCAJZSCWRBC-UHFFFAOYSA-N,CC1=CC=C(C=C1)C(C)C
WQEPLUUGTLDZJY-UHFFFAOYSA-N,CCCCCCCCCCCCCCC(=O)O
XBDQKXXYIPTUBI-UHFFFAOYSA-N,CCC(=O)O
UNYNVICDCJHOPO-UHFFFAOYSA-N,CC1C(=C(C(=O)O1)O)C
TUNFSRHWOTWDNC-UHFFFAOYSA-N,CCCCCCCCCCCCCC(=O)O
KMPQYAYAQWNLME-UHFFFAOYSA-N,CCCCCCCCCCC=O
MWOOGOJBHIARFG-UHFFFAOYSA-N,COC1=C(C=CC(=C1)C=O)O
YZEFQPIMXZVPKP-UHFFFAOYSA-N,CC1CCC2=NC=CN=C12
KANZWHBYRHQMKZ-UHFFFAOYSA-N,C=CC1=NC=CN=C1
OXQOBQJCDNLAPO-UHFFFAOYSA-N,CC1=NC=CN=C1C
WKSXRWSOSLGSTN-UHFFFAOYSA-N,COC1=NC=CN=C1
DBZAKQWXICEWNW-UHFFFAOYSA-N,CC(=O)C1=NC=CN=C1
CAWHJQAVHZEVTJ-UHFFFAOYSA-N,CC1=NC=CN=C1
NVIPUOMWGQAOIT-RQOWECAXSA-N,C1CCCCOC(=O)CCCCC/C=C\CCC1
QMQDJVIJVPEQHE-UHFFFAOYSA-N,CCC(C)C1=NC=CN=C1OC
CIBKSMZEVHTQLG-UHFFFAOYSA-N,CCC1=CN=C(C(=N1)C)C
PSINWXIDJYEXLO-UHFFFAOYSA-N,CCC1=NC=C(N=C1CC)C
ZYEMGPIYFIJGTP-UHFFFAOYSA-N,COC1=C(C=C(C=C1)CC=C)OC
GZXXANJCCWGCSV-UHFFFAOYSA-N,CCC1=NC=CN=C1CC
DPCILIMHENXHQX-UHFFFAOYSA-N,CCC1=NC=CN=C1OC
YTZKOQUCBOVLHL-UHFFFAOYSA-N,CC(C)(C)C1=CC=CC=C1
MYHGOWDLVRDUFA-UHFFFAOYSA-N,CC(CC=O)C1=CC=CC=C1
GLZPCOQZEFWAFX-YFHOEESVSA-N,CC(=CCC/C(=C\CO)/C)C
FKUPPRZPSYCDRS-UHFFFAOYSA-N,C1CCCCCCCOC(=O)CCCCCC1
KHLFMZDGADSQGR-ACCUITESSA-N,C1CCCCCCOC(=O)/C=C/CCCCC1
PGMYKACGEOXYJE-UHFFFAOYSA-N,CCCCCOC(=O)C
JHIVVAPYMSGYDF-UHFFFAOYSA-N,C1CCC(=O)CC1
CATSNJVOTSVZJV-UHFFFAOYSA-N,CCCCCC(=O)C
KWOLFJPFCHCOCG-UHFFFAOYSA-N,CC(=O)C1=CC=CC=C1
AIVVNNYXOSPRCW-UHFFFAOYSA-N,CC1C(=NC(S1)C)C
XMWRWTSZNLOZFN-UHFFFAOYSA-N,CC1=C(C(=C(C(=C1[N+](=O)[O-])C(C)(C)C)[N+](=O)[O-])C)[N+](=O)[O-]
NOOLISFMXDJSKH-KXUCPTDWSA-N,C[C@@H]1CC[C@H]([C@@H](C1)O)C(C)C
ZWEHNKRNPOVVGH-UHFFFAOYSA-N,CCC(=O)C
MMFCJPPRCYDLLZ-CMDGGOBGSA-N,CCCCCCC/C=C/C=O
KIPCKEJKGCXRGA-UHFFFAOYSA-N,CCC1(C(C2CCC1(C2)C)(C)C)O
PETRWTHZSKVLRE-UHFFFAOYSA-N,CC1=CC(=C(C=C1)O)OC
FGKJLKRYENPLQH-UHFFFAOYSA-N,CC(C)CCC(=O)O
HFVMLYAGWXSTQI-QYXZOKGRSA-N,C[C@]12CC[C@H]3[C@H]([C@@H]1CC=C2)CC[C@@H]4[C@@]3(CCC(=O)C4)C
FZJUFJKVIYFBSY-UHFFFAOYSA-N,CC(C)(C)C1=CC=C(C=C1)CCC=O
DKPFZGUDAPQIHT-UHFFFAOYSA-N,CCCCOC(=O)C
WEEGYLXZBRQIMU-UHFFFAOYSA-N,CC1(C2CCC(O1)(CC2)C)C
UFLHIIWVXFIJGU-ARJAWSKDSA-N,CC/C=C\CCO
WTEVQBCEXWBHNA-JXMROGBWSA-N,CC(=CCC/C(=C/C=O)/C)C
KSMVZQYAVGTKIV-UHFFFAOYSA-N,CCCCCCCCCC=O
QSJXEFYPDANLFS-UHFFFAOYSA-N,CC(=O)C(=O)C
UBJVUCKUDDKUJF-UHFFFAOYSA-N,C=CCSCC=C
USIUVYZYUHIAEV-UHFFFAOYSA-N,C1=CC=C(C=C1)OC2=CC=CC=C2
XRHCAGNSDHCHFJ-UHFFFAOYSA-N,C1CCCCCC(=O)OCCOC(=O)CCCCC1
SCCDQYPEOIRVGX-UHFFFAOYSA-N,CC(=O)OC1=C(C=C(C=C1)CC=C)OC
LHXDLQBQYFFVNW-OIBJUYFYSA-N,C[C@@]12CC[C@@H](C1)C(C2=O)(C)C
HNDHDMOSWUAEAW-VMXHOPILSA-N,C[C@]12CC[C@H]3[C@H]([C@@H]1CC=C2)CCC4=CC(=O)CC[C@]34C
HIGQPQRQIQDZMP-DHZHZOJOSA-N,CC(=CCC/C(=C/COC(=O)C)/C)C
LHGVFZTZFXWLCP-UHFFFAOYSA-N,COC1=CC=CC=C1O
ZCZSIDMEHXZRLG-UHFFFAOYSA-N,CCCCCCCOC(=O)C
XAPCMTMQBXLDBB-UHFFFAOYSA-N,CCCCCCOC(=O)CCC
KGEKLUUHTZCSIP-JFGNBEQYSA-N,CC(=O)O[C@H]1C[C@H]2CC[C@]1(C2(C)C)C
AMIMRNSIRUDHCM-UHFFFAOYSA-N,CC(C)C=O
KQNPFQTWMSNSAP-UHFFFAOYSA-N,CC(C)C(=O)O
BJIOGJUNALELMI-ONEGZZNKSA-N,C/C=C/C1=CC(=C(C=C1)O)OC
LSDPWZHWYPCBBB-UHFFFAOYSA-N,CS
OSWPMRLSEDHDFF-UHFFFAOYSA-N,COC(=O)C1=CC=CC=C1O
YLYBTZIQSIBWLI-UHFFFAOYSA-N,CCCCCCCCOC(=O)C
DTUQWGWMVIHBKE-UHFFFAOYSA-N,C1=CC=C(C=C1)CC=O
KYQCOXFCLRTKLS-UHFFFAOYSA-N,C1=CN=CC=N1
WUOACPNHFRMFPN-UHFFFAOYSA-N,CC1=CCC(CC1)C(C)(C)O
IGODOXYLBBXFDW-UHFFFAOYSA-N,CC1=CCC(CC1)C(C)(C)OC(=O)C
QPJVMBTYPHYUOC-UHFFFAOYSA-N,COC(=O)C1=CC=CC=C1
RMBFBMJGBANMMK-UHFFFAOYSA-N,CC1=C(C=C(C=C1)[N+](=O)[O-])[N+](=O)[O-]
ONKNPOPIGWHAQC-UHFFFAOYSA-N,CC1COCC2=CC3=C(C=C12)C(C(C3(C)C)C)(C)C
CIEKNJJOENYFQL-UHFFFAOYSA-N,CC1C(SC(=N1)C)C
IAEGWXHKWJGQAZ-UHFFFAOYSA-N,CC1=CN=C(C(=N1)C)C
NTOPKICPEQUPPH-UHFFFAOYSA-N,CC(C)C1=NC=CN=C1OC
UXFSPRAGHGMRSQ-UHFFFAOYSA-N,CC(C)CC1=NC=CN=C1OC
NQPDZGIKBAWPEJ-UHFFFAOYSA-N,CCCCC(=O)O
BSAIUMLZVGUGKX-BQYQJAHWSA-N,CCCCCC/C=C/C=O
JLIDVCMBCGBIEY-UHFFFAOYSA-N,CCC(=O)C=C
INAXVXBDKKUCGI-UHFFFAOYSA-N,CC1C(=O)C(=C(O1)C)O
KLTVSWGXIAYTHO-UHFFFAOYSA-N,CCCCCC(=O)C=C
CLUWOWRTHNNBBU-UHFFFAOYSA-N,CSCCC=O
GETQZCLCWQTVFV-UHFFFAOYSA-N,CN(C)C
WXCMHFPAUCOJIG-UHFFFAOYSA-N,CC1=C(C(=C(C(=C1[N+](=O)[O-])C(C)(C)C)[N+](=O)[O-])C)C(=O)C
SIMKGHMLPVDSJE-UHFFFAOYSA-N,CC1C(=O)C(=C(O1)C)OC
PPJSYGVFDJEMRP-UHFFFAOYSA-N,CCC1=NC=CN=C1C(=O)C
KVFIJIWMDBAGDP-UHFFFAOYSA-N,CCC1=NC=CN=C1
WTOYNNBCKUYIKC-JMSVASOKSA-N,C[C@@H]1CC(=O)C=C2[C@]1(C[C@@H](CC2)C(=C)C)C
BOPPSUHPZARXTH-UHFFFAOYSA-N,CC(CC1=CC2=C(C=C1)OCO2)C=O
BAVONGHXFVOKBV-UHFFFAOYSA-N,CC1=CCC(CC1O)C(=C)C
FXHGMKSSBGDXIY-UHFFFAOYSA-N,CCCCCCC=O
GJWSUKYXUMVMGX-UHFFFAOYSA-N,CC(CCC=C(C)C)CC(=O)O
NFLGAXVYCFJBMK-BDAKNGLRSA-N,C[C@@H]1CC[C@H](C(=O)C1)C(C)C
ZWRUINPWMLAQRD-UHFFFAOYSA-N,CCCCCCCCCO
YTHRBOFHFYZBRJ-JHJMLUEUSA-N,CC1=CC[C@H](CC1OC(=O)C)C(=C)C
FBUKVWPVBMHYJY-UHFFFAOYSA-N,CCCCCCCCC(=O)O
VSMOENVRRABVKN-UHFFFAOYSA-N,CCCCCC(C=C)O
CZUGFKJYCPYHHV-UHFFFAOYSA-N,CSCCCO
KFUSEUYYWQURPO-UHFFFAOYSA-N,C(=CCl)Cl
WPFVBOQKRVRMJB-UHFFFAOYSA-N,CC(CCCC(C)(C)O)CC=O
DNRJTBAOUJJKDY-UHFFFAOYSA-N,CC1CC(C2=C(C1(C)C)C=C(C(=C2)C(=O)C)C)(C)C
IKTHMQYJOWTSJO-UHFFFAOYSA-N,CC(=O)C1=C2CCC(C2=CC(=C1)C(C)(C)C)(C)C
MIZGSAALSYARKU-UHFFFAOYSA-N,CC1C(C2=C(C1(C)C)C(=O)CCC2)(C)C
WTEVQBCEXWBHNA-UHFFFAOYSA-N,CC(=CCCC(=CC=O)C)C
QMVPMAAFGQKVCJ-SNVBAGLBSA-N,C[C@H](CCC=C(C)C)CCO
HLCSDJLATUNSSI-JXMROGBWSA-N,CC(=CCC/C(=C/C#N)/C)C
QUNOTZOHYZZWKQ-UHFFFAOYSA-N,CC1=NC=CN=C1C(=O)C
WNLRTRBMVRJNCN-UHFFFAOYSA-N,C(CCC(=O)O)CC(=O)O
KDYFGRWQOYBRFD-UHFFFAOYSA-N,C(CC(=O)O)C(=O)O
NJGBTKGETPDVIK-UHFFFAOYSA-N,CC(=O)CCC1=CC=C(C=C1)O
WQAQPCDUOCURKW-UHFFFAOYSA-N,CCCCS
ZSIAUFGUXNUGDI-UHFFFAOYSA-N,CCCCCCO
BBMCTIGTTCKYKF-UHFFFAOYSA-N,CCCCCCCO
AMQJEAYHLZJPGS-UHFFFAOYSA-N,CCCCCO
GTGTXZRPJHDASG-UHFFFAOYSA-N,CCCCCCC(C(=O)O)Br
HZTPKMIMXLTOSK-UHFFFAOYSA-N,CCCCC(C(=O)O)Br
JARKCYVAAOWBJS-UHFFFAOYSA-N,CCCCCC=O
WLJVXDMOQOGPHL-UHFFFAOYSA-M,C1=CC=C(C=C1)CC(=O)[O-]
RFFOTVCVTJUTAD-UHFFFAOYSA-N,CC(C)C12CCC(O1)(CC2)C
FTZILAQGHINQQR-UHFFFAOYSA-N,CCCC(C)C=O
WMFATTFQNRPXBQ-UHFFFAOYSA-N,CCCC(C(=O)O)Br
ULDHMXUKGWMISQ-SECBINFHSA-N,CC1=CC[C@H](CC1=O)C(=C)C
ZSKAJFSSXURRGL-PKNBQFBNSA-N,CC(=CCC/C(=C/C(OC)OC)/C)C
RDOXTESZEPMUJZ-UHFFFAOYSA-N,COC1=CC=CC=C1
MLFHJEHSLIIPHL-UHFFFAOYSA-N,CC(C)CCOC(=O)C
QMVPMAAFGQKVCJ-JTQLQIEISA-N,C[C@@H](CCC=C(C)C)CCO
RWRDLPDLKQPQOW-UHFFFAOYSA-N,C1CCNC1
NEHNMFOYXAPHSD-JTQLQIEISA-N,C[C@@H](CCC=C(C)C)CC=O
NEHNMFOYXAPHSD-SNVBAGLBSA-N,C[C@H](CCC=C(C)C)CC=O
YAQLSKVCTLCIIE-UHFFFAOYSA-N,CCC(C(=O)O)Br
WLAMNBDJUVNPJU-UHFFFAOYSA-N,CCC(C)C(=O)O
POIARNZEYGURDG-FNORWQNLSA-N,C/C=C/C(=O)C1=C(C=CCC1(C)C)C
JZQKTMZYLHNFPL-BLHCBFLLSA-N,CCCCC/C=C/C=C/C=O
HZYHMHHBBBSGHB-ODYTWBPASA-N,CC/C=C\CC/C=C/C=O
UZFLPKAIBPNNCA-BQYQJAHWSA-N,CC1=CCCC(C1/C=C/C(=O)C)(C)C
HZYHMHHBBBSGHB-KPDBFRNYSA-N,CC/C=C\CC/C=C\C=O
CWRKZMLUDFBPAO-SREVYHEPSA-N,CCCCC/C=C\CCC=O
UZFFFFWQKMPLAC-ARJAWSKDSA-N,CC/C=C\CCCCCC=O
BGTBFNDXYDYBEY-FNORWQNLSA-N,C/C=C/C(=O)C1=C(CCCC1(C)C)C
KMRMUZKLFIEVAO-IUCAKERBSA-N,CC1([C@H]2CC=C([C@@H]1C2)C=O)C
FQTLCLSUCSAZDY-SDNWHVSQSA-N,CC(=CCC/C(=C/CCC(C)(C=C)O)/C)C
PSQYTAPXSHCGMF-BQYQJAHWSA-N,CC1=C(C(CCC1)(C)C)/C=C/C(=O)C
HIGQPQRQIQDZMP-UHFFFAOYSA-N,CC(=CCCC(=CCOC(=O)C)C)C
CWRKZMLUDFBPAO-VOTSOKGWSA-N,CCCCC/C=C/CCC=O
QKTZBZWNADPFOL-BNFZFUHLSA-N,CCCCCCC/C=C/C=C/C=O
ZHHYXNZJDGDGPJ-BSWSSELBSA-N,CCCC/C=C/C=C/C=O
CXENHBSYCFFKJS-VDQVFBMKSA-N,CC(=CCC/C(=C/C/C=C(\C)/C=C)/C)C
GHVNFZFCNZKVNT-UHFFFAOYSA-N,CCCCCCCCCC(=O)O
BDJRBEYXGGNYIS-UHFFFAOYSA-N,C(CCCC(=O)O)CCCC(=O)O
XUPYJHCZDLZNFP-UHFFFAOYSA-N,CCCCOC(=O)CCC
XNLICIUVMPYHGG-UHFFFAOYSA-N,CCCC(=O)C
HGBOYTHUEUWSSQ-UHFFFAOYSA-N,CCCCC=O
LSTSBZKIQFOPHA-UHFFFAOYSA-N,CCC(=O)OCC(C)(C)OC(C)C1CCCC(C1)(C)C
SRONXYPFSAKOGH-UHFFFAOYSA-N,C1CCCCCCCCCCCCCC1
FFVHXGZXDRXFLQ-UHFFFAOYSA-N,C1CCCCCCCC(CCCCCC1)O
SXOZDDAFVJANJP-UHFFFAOYSA-N,C1CCCCC(=O)CCCC1
UPOSSYJVWXLPTA-UHFFFAOYSA-N,C1CCCCCC(=O)CCCC1
CJPNOLIZCWDHJK-UHFFFAOYSA-N,CCCCCCCCCCCCCC(=O)C
PQYGSSYFJIJDFK-UHFFFAOYSA-N,CCCCCCCC(=O)CCCCCCC
HABNNYNSJFKZFE-UHFFFAOYSA-N,CCC(C(C)CO)S
ALHUZKCOMYUFRB-OAHLLOKOSA-N,C[C@@H]1CCCCCCCCCCCCC(=O)C1
ALHUZKCOMYUFRB-HNNXBMFYSA-N,C[C@H]1CCCCCCCCCCCCC(=O)C1
HUIYGGQINIVDNW-UHFFFAOYSA-N,CCCCOC(=O)C1=CC=CC=C1N
KJPRLNWUNMBNBZ-QPJJXVBHSA-N,C1=CC=C(C=C1)/C=C/C=O
CFNJLPHOBMVMNS-UHFFFAOYSA-N,CCCCCOC(=O)CCC
ZCDYAMJXVAUTIM-UHFFFAOYSA-N,C=CCOC(=O)CC1=CC=CC=C1
GTNCESCYZPMXCJ-UHFFFAOYSA-N,CCC(=O)OCCCC1=CC=CC=C1
BADXJIPKFRBFOT-UHFFFAOYSA-N,CC1(CC(=O)CC(=O)C1)C
BDFAOUQQXJIZDG-UHFFFAOYSA-N,CC(C)CS
FEWLNYSYJNLUOO-UHFFFAOYSA-N,C1CCN(CC1)C=O
CBJPZHSWLMJQRI-UHFFFAOYSA-N,C1=COC(=C1)CSSCC2=CC=CO2
CWERGRDVMFNCDR-UHFFFAOYSA-N,C(C(=O)O)S
KZCOBXFFBQJQHH-UHFFFAOYSA-N,CCCCCCCCS
YCIXWYOBMVNGTB-UHFFFAOYSA-N,CCCCCC1=C(CCC1=O)C
PBGWNXWNCSSXCO-UHFFFAOYSA-N,CCCCCCCC(=O)OCCCCCC
UHOVQNZJYSORNB-UHFFFAOYSA-N,C1=CC=CC=C1
AZOCECCLWFDTAP-RKDXNWHRSA-N,C[C@@H]1CC[C@H](CC1=O)C(=C)C
NTWSIWWJPQHFTO-UHFFFAOYSA-N,CCCC(=CC(=O)O)C
SMWDFEZZVXVKRB-UHFFFAOYSA-N,C1=CC=C2C(=C1)C=CC=N2
ODHAQPXNQDBHSH-UHFFFAOYSA-N,C1CCC(CC1)SSC2CCCCC2
JUJWROOIHBZHMG-UHFFFAOYSA-N,C1=CC=NC=C1
NDVASEGYNIMXJL-NXEZZACHSA-N,CC(C)[C@]12CCC(=C)[C@H]1C2
LHXDLQBQYFFVNW-UHFFFAOYSA-N,CC1(C2CCC(C2)(C1=O)C)C
ARJWAURHQDJJAC-GQCTYLIASA-N,CCC(C)C(=O)/C=C/C
AMXYRHBJZOVHOL-ODYTWBPASA-N,CC/C=C\CC/C=C/CO
DIVCBWJKVSFZKJ-UHFFFAOYSA-M,CCC(C)CCC(=O)[O-]
TWOGJUHCCNLYPC-UHFFFAOYSA-N,CCC(=O)C(C)S
CZCBTSFUTPZVKJ-UHFFFAOYSA-N,CC1CCOC(C1)C=C(C)C
ROWKJAVDOGWPAT-UHFFFAOYSA-N,CC(C(=O)C)O
BGVBGAIWXAXBLP-UHFFFAOYSA-N,CCCCCC(=O)C(C)C(=O)C
SZECUQRKLXRGSJ-UHFFFAOYSA-N,CCC(C(=O)C)S
LEGGANXCVQPIAI-UHFFFAOYSA-N,CCCCC(C)CCC(=O)O
IFYYFLINQYPWGJ-UHFFFAOYSA-N,CCCCCCC1CCC(=O)O1
WGPCZPLRVAWXPW-UHFFFAOYSA-N,CCCCCCCCC1CCC(=O)O1
OALYTRUKMRCXNH-UHFFFAOYSA-N,CCCCCC1CCC(=O)O1
IPBFYZQJXZJBFQ-UHFFFAOYSA-N,CCCCC1CCC(=O)O1
PHXATPHONSXBIL-UHFFFAOYSA-N,CCCCCCCC1CCC(=O)O1
WNVCMFHPRIBNCW-YUMQZZPRSA-N,CCCC[C@H]1[C@H](CC(=O)O1)C
IUFQZPBIRYFPFD-UHFFFAOYSA-N,CCC1C(=C(C(=O)O1)O)C
QRPLZGZHJABGRS-UHFFFAOYSA-N,CCCCCCCC1CCCC(=O)O1
FYTRVXSHONWYNE-UHFFFAOYSA-N,CCCC1CCCC(=O)O1
NDFKTBCGKNOHPJ-AATRIKPKSA-N,CCCC/C=C/C=O
PANBRUWVURLWGY-MDZDMXLPSA-N,CCCCCCCC/C=C/C=O
OGLDWXZKYODSOB-SNVBAGLBSA-N,CC1=CC[C@@H](C=C1)C(C)C
XMGQYMWWDOXHJM-UHFFFAOYSA-N,CC1=CCC(CC1)C(=C)C
BSAIUMLZVGUGKX-FPLPWBNLSA-N,CCCCCC/C=C\C=O
LVBXEMGDVWVTGY-SREVYHEPSA-N,CCCCC/C=C\C=O
NPFVOOAXDOBMCE-PLNGDYQASA-N,CC/C=C\CCOC(=O)C
GXANMBISFKBPEX-ARJAWSKDSA-N,CC/C=C\CC=O
VVGOCOMZRGWHPI-ARJAWSKDSA-N,CC/C=C\CCC=O
VWYBQOFZVSNDAW-WAYWQWQTSA-N,CC/C=C\CC(=O)C=C
DHKHKXVYLBGOIT-UHFFFAOYSA-N,CCOC(C)OCC
SATCULPHIDQDRE-UHFFFAOYSA-N,C1OC2=C(O1)C=C(C=C2)C=O
OQWNKUAZQSLNSR-UHFFFAOYSA-N,CC(C)CCCCCCCCCCC=O
ZFMSMUAANRJZFM-UHFFFAOYSA-N,COC1=CC=C(C=C1)CC=C
RUVINXPYWBROJD-ONEGZZNKSA-N,C/C=C/C1=CC=C(C=C1)OC
MMSLOZQEMPDGPI-UHFFFAOYSA-N,CC1=CC=C(C=C1)C(=C)C
KUFFULVDNCHOFZ-UHFFFAOYSA-N,CC1=CC(=C(C=C1)O)C
KLIDCXVFHGNTTM-UHFFFAOYSA-N,COC1=C(C(=CC=C1)OC)O
NXXYKOUNUYWIHA-UHFFFAOYSA-N,CC1=C(C(=CC=C1)C)O
ZQPCOAKGRYBBMR-UHFFFAOYSA-N,CC1=CCC(CC1)C(C)(C)S
FZOZFDAMVVEZSJ-UHFFFAOYSA-N,CC(=O)C1=NCCS1
HEQOJEGTZCTHCF-UHFFFAOYSA-N,C1=CC=C(C=C1)C(=O)CN
IFNDEOYXGHGERA-UHFFFAOYSA-N,CC1=CC(=C(C=C1)OC)O
SRUTWBWLFKSTIS-UHFFFAOYSA-N,CC1=C(C=CO1)SSC
BYGQBDHUGHBGMD-UHFFFAOYSA-N,CCC(C)C=O
RUYNUXHHUVUINQ-UHFFFAOYSA-N,CC1=C(C=CO1)S
QWVGKYWNOKOFNN-UHFFFAOYSA-N,CC1=CC=CC=C1O
HSDXVAOHEOSTFZ-UHFFFAOYSA-N,CCCCCC1=CC=CC=N1
ZMRFRBHYXOQLDK-UHFFFAOYSA-N,C1=CC=C(C=C1)CCS
WRMNZCZEMHIOCP-UHFFFAOYSA-N,C1=CC=C(C=C1)CCO
MDHYEMXUFSJLGV-UHFFFAOYSA-N,CC(=O)OCCC1=CC=CC=C1
OVNCGQSYSSYBPO-UHFFFAOYSA-N,CCC(=O)C1=NCCC1
HMNKTRSOROOSPP-UHFFFAOYSA-N,CCC1=CC(=CC=C1)O
XPCTZQVDEJYUGT-UHFFFAOYSA-N,CC1=C(C(=O)C=CO1)O
ZFRKQXVRDFCRJG-UHFFFAOYSA-N,CC1=CNC2=CC=CC=C12
VTAPYUYITKYXJB-UHFFFAOYSA-N,CC(C)(CCOC=O)S
PHTQWCKDNZKARW-UHFFFAOYSA-N,CC(C)CCO
YGHRJJRRZDOVPD-UHFFFAOYSA-N,CC(C)CC=O
NHIMSNHOEAVUKE-UHFFFAOYSA-N,CCCC(=O)C(C)CC
RLSSMJSEOOYNOY-UHFFFAOYSA-N,CC1=CC(=CC=C1)O
XMIIGOLPHOKFCH-UHFFFAOYSA-N,C1=CC=C(C=C1)CCC(=O)O
TYZFMFVWHZKYSE-UHFFFAOYSA-N,CCCC(CCO)S
JUCARGIKESIVLB-UHFFFAOYSA-N,CCCC(CCOC(=O)C)S
WTWBUQJHJGUZCY-UHFFFAOYSA-N,CC(C)C1=CC=C(C=C1)C=O
YOMSJEATGXXYPX-UHFFFAOYSA-N,COC1=C(C=CC(=C1)C=C)O
FUGYGGDSWSUORM-UHFFFAOYSA-N,C=CC1=CC=C(C=C1)O
PWKJMPFEQOHBAC-UHFFFAOYSA-N,CCCCC(CC)CCC(=O)O
HXDOZKJGKXYMEW-UHFFFAOYSA-N,CCC1=CC=C(C=C1)O
CBOQJANXLMLOSS-UHFFFAOYSA-N,CCOC1=C(C=CC(=C1)C=O)O
XVHGKKGBUDMTIQ-UHFFFAOYSA-N,CC(C)(CCOC)S
GNKZMNRKLCTJAY-UHFFFAOYSA-N,CC1=CC=C(C=C1)C(=O)C
IWDCLRJOBJJRNH-UHFFFAOYSA-N,CC1=CC=C(C=C1)O
PXIKRTCSSLJURC-UHFFFAOYSA-N,CCCC1=CC(=C(C=C1)O)OC
GWCRPYGYVRXVLI-UHFFFAOYSA-N,CCC1C(=O)C(=C(O1)C)O
LIIALPBMIOVAHH-UHFFFAOYSA-N,COC1=CC2=C(C=C1)C=CC(=O)O2
NVLPQIPTCCLBEU-UHFFFAOYSA-N,CSCC=C
LOCDPORVFVOGCR-UHFFFAOYSA-N,CSCSC
WJSDHUCWMSHDCR-VMPITWQZSA-N,CC(=O)OC/C=C/C1=CC=CC=C1
OOCCDEMITAIZTP-QPJJXVBHSA-N,C1=CC=C(C=C1)/C=C/CO
PFRGXCVKLLPLIP-UHFFFAOYSA-N,C=CCSSCC=C
QMMFVYPAHWMCMS-UHFFFAOYSA-N,CSC
YWHLKYXPLRWGSE-UHFFFAOYSA-N,CSSSC
WQOXQRCZOLPYPM-UHFFFAOYSA-N,CSSC
ALVPFGSHPUPROW-UHFFFAOYSA-N,CCCSSCCC
GAZXPZNJTZIGBO-UHFFFAOYSA-N,CCCSSSCCC
MBDOYVRWFFCFHM-SNAWJCMRSA-N,CCC/C=C/C=O
LFQSCWFLJHTTHZ-UHFFFAOYSA-N,CCO
LYRIITRHDCNUHV-SSDOTTSWSA-N,CCC[C@H](CC(=O)OCC)O
HCRBXQFHJMCTLF-UHFFFAOYSA-N,CCC(C)C(=O)OCC
WDAXFOBOLVPGLV-UHFFFAOYSA-N,CCOC(=O)C(C)C
YSNWHRKJEKWJNY-UHFFFAOYSA-N,CCOC(=O)CCSC
PPXUHEORWJQRHJ-UHFFFAOYSA-N,CCOC(=O)CC(C)C
OFQRUTMGVBMTFQ-UHFFFAOYSA-N,CCOC(=O)CCC(C)C
XEKOWRVHYACXOJ-UHFFFAOYSA-N,CCOC(=O)C
MTZQAGJQAFMTAQ-UHFFFAOYSA-N,CCOC(=O)C1=CC=CC=C1
OBNCKNCVKJNDBV-UHFFFAOYSA-N,CCCC(=O)OCC
KBEBGUQPQBELIU-CMDGGOBGSA-N,CCOC(=O)/C=C/C1=CC=CC=C1
SHZIWNPUGXLXDT-UHFFFAOYSA-N,CCCCCC(=O)OCC
ICMAFTSLXCXHRK-UHFFFAOYSA-N,CCCCC(=O)OCC
DULCUDSUACXJJC-UHFFFAOYSA-N,CCOC(=O)CC1=CC=CC=C1
JJOYCHKVKWDMEA-UHFFFAOYSA-N,CCOC(=O)C1CCCCC1
ZFFTZDQKIXPDAF-UHFFFAOYSA-N,C1=COC(=C1)CS
CETWDUZRCINIHU-UHFFFAOYSA-N,CCCCCC(C)O
AOGQPLXWSUTHQB-UHFFFAOYSA-N,CCCCCCOC(=O)C
BHIWKHZACMWKOJ-UHFFFAOYSA-N,CC(C)C(=O)OC
UUIQMZJEGPQKFD-UHFFFAOYSA-N,CCCC(=O)OC
ZOYASYRPGHCQHW-UHFFFAOYSA-N,CCCSSSC
UAHWPYUMFXYFJY-UHFFFAOYSA-N,CC(=CCCC(=C)C=C)C
VKCYHJWLYTUGCC-UHFFFAOYSA-N,CCCCCCCC(=O)C
TZMFJUDUGYTVRY-UHFFFAOYSA-N,CCC(=O)C(=O)C
NBBJYMSMWIIQGU-UHFFFAOYSA-N,CCC=O
GCZQHDFWKVMZOE-UHFFFAOYSA-N,C1=CSC(=C1)CS
CCRCUPLGCSFEDV-BQYQJAHWSA-N,COC(=O)/C=C/C1=CC=CC=C1
UYLKDZXJEKFFHJ-UHFFFAOYSA-N,C1=COC(=C1)CSCC2=CC=CO2
NWYGPVZOBBHKLI-UHFFFAOYSA-N,CSSCC1=CC=CC=C1
CLSLQQCDHOZMDT-UHFFFAOYSA-N,CSSCC1=CC=CO1
OFQPKKGMNWASPN-UHFFFAOYSA-N,CSCC1=CC=CC=C1
QZZBJCFNHPYNKO-UHFFFAOYSA-N,CC(C1=CC=CC=C1)S
UENWRTRMUIOCKN-UHFFFAOYSA-N,C1=CC=C(C=C1)CS
SKSFHXVDHVKIBN-UHFFFAOYSA-N,CSCC1=CC=CO1
VAJVDSVGBWFCLW-UHFFFAOYSA-N,C1=CC=C(C=C1)CCCO
XPFVYQJUAUNWIW-UHFFFAOYSA-N,C1=COC(=C1)CO
WVDDGKGOMKODPV-UHFFFAOYSA-N,C1=CC=C(C=C1)CO
HYBBIBNJHNGZAN-UHFFFAOYSA-N,C1=COC(=C1)C=O
XHIUFYZDQBSEMF-UHFFFAOYSA-N,CCC(C)COC(=O)C
WNVCMFHPRIBNCW-UHFFFAOYSA-N,CCCCC1C(CC(=O)O1)C
AMXYRHBJZOVHOL-DYWGDJMRSA-N,CC/C=C/CC/C=C/CO
XMGQYMWWDOXHJM-JTQLQIEISA-N,CC1=CC[C@@H](CC1)C(=C)C
OGLDWXZKYODSOB-UHFFFAOYSA-N,CC1=CCC(C=C1)C(C)C
HVNICCSXGONRCB-UHFFFAOYSA-N,CC1(C(=O)C=CO1)C
VGHBEMPMIVEGJP-UHFFFAOYSA-N,CC1=CCOC1=O
ASOSVCXGWPDUGN-UHFFFAOYSA-N,CC1C(=O)C=C(O1)C
FCIVYWQHILCTLI-UHFFFAOYSA-N,CC(CO)CS
OCZSUTGSYBERRF-UHFFFAOYSA-N,CCCCC(C(C)CO)S
RFMHFOPFUZZBAD-UHFFFAOYSA-N,CC(CO)C(C)S
XVFIAOJQUHTZSV-UHFFFAOYSA-N,CCCC(C(C)CO)S
WUOACPNHFRMFPN-SECBINFHSA-N,CC1=CC[C@H](CC1)C(C)(C)O
GRWFGVWFFZKLTI-IUCAKERBSA-N,CC1=CC[C@H]2C[C@@H]1C2(C)C
GRWFGVWFFZKLTI-RKDXNWHRSA-N,CC1=CC[C@@H]2C[C@H]1C2(C)C
WTARULDDTDQWMU-IUCAKERBSA-N,CC1([C@H]2CCC(=C)[C@@H]1C2)C
WTARULDDTDQWMU-RKDXNWHRSA-N,CC1([C@@H]2CCC(=C)[C@H]1C2)C
NDVASEGYNIMXJL-UHFFFAOYSA-N,CC(C)C12CCC(=C)C1C2
POIARNZEYGURDG-UHFFFAOYSA-N,CC=CC(=O)C1=C(C=CCC1(C)C)C
CHWNEIVBYREQRF-UHFFFAOYSA-N,CCC1=CC(=C(C=C1)O)OC
QRNZMFDCKKEPSX-UHFFFAOYSA-N,CC(=O)CC(C)(C)S
ZHHYXNZJDGDGPJ-IGTJQSIKSA-N,CCCC/C=C\C=C\C=O
IKHGUXGNUITLKF-UHFFFAOYSA-N,CC=O
OCWLYWIFNDCWRZ-UHFFFAOYSA-N,CCC(C)C(=O)OC
ZXEKIIBDNHEJCQ-UHFFFAOYSA-N,CC(C)CO
NGSWKAQJJWESNS-ZZXKWVIFSA-N,C1=CC(=CC=C1/C=C/C(=O)O)O
WLJVXDMOQOGPHL-UHFFFAOYSA-N,C1=CC=C(C=C1)CC(=O)O
GHBSPIPJMLAMEP-UHFFFAOYSA-N,CCCCCC1CCCC(=O)O1
GTDQGKWDWVUKTI-UHFFFAOYSA-N,CC(=O)C1=CC=CC=C1N
OSOIQJGOYGSIMF-UHFFFAOYSA-N,C1CCCCCCCC(=O)CCCCCC1
ABRIMXGLNHCLIP-UHFFFAOYSA-N,C1CCCCCC(=O)CCCC=CCCCC1
NKMKFQCVDZVEJR-UHFFFAOYSA-N,CC1CC=CCCCCCCCCCC(=O)C1
ZGEHHVDYDNXYMW-OWOJBTEDSA-N,C1CCC/C=C/CCCCCCC(=O)CCC1
ZFGBKXBPHOUSJX-VQHVLOKHSA-N,CC1C/C=C/CCCCCCCCC(=O)C1
VPQWBNWSLZYYFH-UHFFFAOYSA-N,CC1CCCCCCCCCCCC(=O)C1
RWCCWEUUXYIKHB-UHFFFAOYSA-N,C1=CC=C(C=C1)C(=O)C2=CC=CC=C2
CAERSDJFKGMKLY-UHFFFAOYSA-N,CCOC(=O)CC1=CC(=CC=C1)Br
BLEMRRXGTKTJGT-UHFFFAOYSA-N,CC1=CC=CC=C1CC(=O)OC
DGEZNRSVGBDHLK-UHFFFAOYSA-N,C1=CC2=C(C3=C(C=CC=N3)C=C2)N=C1
GUMOJENFFHZAFP-UHFFFAOYSA-N,CCOC1=CC2=CC=CC=C2C=C1
RAPXVKLHABTPOM-UHFFFAOYSA-N,C=CC1=CC=C(C=C1)OCCCCOC2=CC=C(C=C2)C=C
ULDHMXUKGWMISQ-UHFFFAOYSA-N,CC1=CCC(CC1=O)C(=C)C
KJIOQYGWTQBHNH-UHFFFAOYSA-N,CCCCCCCCCCCO
HFJRKMMYBMWEAD-UHFFFAOYSA-N,CCCCCCCCCCCC=O
LWBHHRRTOZQPDM-UHFFFAOYSA-N,C(CCCCC(=O)O)CCCCC(=O)O
NVRVNSHHLPQGCU-UHFFFAOYSA-N,C(CCC(=O)O)CCBr
BKJFDZSBZWHRNH-UHFFFAOYSA-N,C(CCCC(=O)O)CCCBr
PGVRSPIEZYGOAD-UHFFFAOYSA-N,C(CCCCC(=O)O)CCCCBr
IUDGNRWYNOEIKF-UHFFFAOYSA-N,C(CCCCCBr)CCCCC(=O)O
YYKBWYBUCFHYPR-UHFFFAOYSA-N,C(CCCCCC(=O)O)CCCCCBr
ZDPHROOEEOARMN-UHFFFAOYSA-N,CCCCCCCCCCC(=O)O
MWKFXSUHUHTGQN-UHFFFAOYSA-N,CCCCCCCCCCO
JFCQEDHGNNZCLN-UHFFFAOYSA-N,C(CC(=O)O)CC(=O)O
WLJVNTCWHIRURA-UHFFFAOYSA-N,C(CCC(=O)O)CCC(=O)O
TYFQFVWCELRYAO-UHFFFAOYSA-N,C(CCCC(=O)O)CCC(=O)O
CXMXRPHRNRROMY-UHFFFAOYSA-N,C(CCCCC(=O)O)CCCC(=O)O
TVIDDXQYHWJXFK-UHFFFAOYSA-N,C(CCCCCC(=O)O)CCCCC(=O)O
LODLFUCEWWWXPR-UHFFFAOYSA-N,CCCC(C)C1OCC(CO1)(C)CCC
WVYKHQRCBWWGFK-UHFFFAOYSA-N,CC(C)C1C(COC(O1)(C)C)(C)C
YIWUKEYIRIRTPP-UHFFFAOYSA-N,CCCCC(CC)CO
SJWFXCIHNDVPSH-UHFFFAOYSA-N,CCCCCCC(C)O
NMRPBPVERJPACX-UHFFFAOYSA-N,CCCCCC(CC)O
WOFPPJOZXUTRAU-UHFFFAOYSA-N,CCCCC(CCC)O
NGDNVOAEIVQRFH-UHFFFAOYSA-N,CCCCCCCC(C)O
NOOLISFMXDJSKH-UHFFFAOYSA-N,CC1CCC(C(C1)O)C(C)C
MGSRCZKZVOBKFT-UHFFFAOYSA-N,CC1=CC(=C(C=C1)C(C)C)O
WBYWAXJHAXSJNI-VOTSOKGWSA-N,C1=CC=C(C=C1)/C=C/C(=O)O
HUMNYLRZRPPJDN-UHFFFAOYSA-N,C1=CC=C(C=C1)C=O
NEHNMFOYXAPHSD-UHFFFAOYSA-N,CC(CCC=C(C)C)CC=O
ZPVFWPFBNIEHGJ-UHFFFAOYSA-N,CCCCCCC(=O)C
RHLVCLIPMVJYKS-UHFFFAOYSA-N,CCCCCC(=O)CC
IYTXKIXETAELAV-UHFFFAOYSA-N,CCCCCCC(=O)CC
ZAJNGDIORYACQU-UHFFFAOYSA-N,CCCCCCCCC(=O)C
LSKONYYRONEBKA-UHFFFAOYSA-N,CCCCCCCCCCC(=O)C
UHEPJGULSIKKTP-UHFFFAOYSA-N,CC(=CCCC(=O)C)C
TZJLGGWGVLADDN-UHFFFAOYSA-N,CC(=O)CCC1=CC2=C(C=C1)OCO2
KVWWIYGFBYDJQC-UHFFFAOYSA-N,CCCCCC1C(CCC1=O)CC(=O)OC
DSSYKIVIOFKYAU-UHFFFAOYSA-N,CC1(C2CCC1(C(=O)C2)C)C
TVQGDYNRXLTQAP-UHFFFAOYSA-N,CCCCCCC(=O)OCC
BYEVBITUADOIGY-UHFFFAOYSA-N,CCCCCCCCC(=O)OCC
NUKZAGXMHTUAFE-UHFFFAOYSA-N,CCCCCC(=O)OC
XNCNNDVCAUWAIT-UHFFFAOYSA-N,CCCCCCC(=O)OC
IJXHLVMUNBOGRR-UHFFFAOYSA-N,CCCCCCCCC(=O)OC
GRLJIIJNZJVMGP-UHFFFAOYSA-N,CCCC(=O)SC
FZWLAAWBMGSTSO-UHFFFAOYSA-N,C1=CSC=N1
IOJUPLGTWVMSFF-UHFFFAOYSA-N,C1=CC=C2C(=C1)N=CS2
SIKJAQJRHWYJAI-UHFFFAOYSA-N,C1=CC=C2C(=C1)C=CN2
ZMQAAUBTXCXRIC-UHFFFAOYSA-N,C=CCC1=CC2=C(C=C1)OCO2
LVBXEMGDVWVTGY-VOTSOKGWSA-N,CCCCC/C=C/C=O
DVVATNQISMINCX-YTXTXJHMSA-N,CCC/C=C/C=C/C=O
LCLLDHVSJPTTSF-UHFFFAOYSA-N,CC(C)CC(C)CC=C(C)C=O
LHXDLQBQYFFVNW-XCBNKYQSSA-N,C[C@]12CC[C@H](C1)C(C2=O)(C)C
CZCBTSFUTPZVKJ-ZJUUUORDSA-N,C[C@@H]1CCO[C@H](C1)C=C(C)C
DSSYKIVIOFKYAU-OIBJUYFYSA-N,C[C@]12CC[C@H](C1(C)C)CC2=O
WAPNOHKVXSQRPX-SSDOTTSWSA-N,C[C@H](C1=CC=CC=C1)O
OFJWFSNDPCAWDK-VIFPVBQESA-N,CC[C@@H](C1=CC=CC=C1)C(=O)O
OFJWFSNDPCAWDK-SECBINFHSA-N,CC[C@H](C1=CC=CC=C1)C(=O)O
QQZOPKMRPOGIEB-UHFFFAOYSA-N,CCCCC(=O)C
BTANRVKWQNVYAZ-UHFFFAOYSA-N,CCC(C)O
CETWDUZRCINIHU-SSDOTTSWSA-N,CCCCC[C@@H](C)O
ACBMYYVZWKYLIP-UHFFFAOYSA-N,CCCCCC(C)(C)O
SJWFXCIHNDVPSH-QMMMGPOBSA-N,CCCCCC[C@H](C)O
BTANRVKWQNVYAZ-BYPYZUCNSA-N,CC[C@H](C)O
CETWDUZRCINIHU-ZETCQYMHSA-N,CCCCC[C@H](C)O
WAPNOHKVXSQRPX-ZETCQYMHSA-N,C[C@@H](C1=CC=CC=C1)O
RJUFJBKOKNCXHH-UHFFFAOYSA-N,CCC(=O)OC
JAELLLITIZHOGQ-UHFFFAOYSA-N,CCC(=O)OC(C)(C)C
HUAZGNHGCJGYNP-UHFFFAOYSA-N,CCCC(=O)OCCC
KDSNLYIMUZNERS-UHFFFAOYSA-N,CC(C)CN
DLRJIFUOBPOJNS-UHFFFAOYSA-N,CCOC1=CC=CC=C1
CXBDYQVECUFKRK-UHFFFAOYSA-N,CCCCOC
NZGWDASTMWDZIW-MRVPVSSYSA-N,C[C@@H]1CCC(=C(C)C)C(=O)C1
BMFVGAAISNGQNM-UHFFFAOYSA-N,CC(C)CCN
JBFHTYHTHYHCDJ-UHFFFAOYSA-N,CCC1CCC(=O)O1
KWKAKUADMBZCLK-UHFFFAOYSA-N,CCCCCCC=C
SJWKGDGUQTWDRV-UHFFFAOYSA-N,CCCCCCC(=O)OCC=C
HMKKIXGYKWDQSV-SDNWHVSQSA-N,CCCCC/C(=C\C1=CC=CC=C1)/C=O
WRFZKAGPPQGDDQ-UHFFFAOYSA-N,CCCCCC(=O)OCCCCC
QUKGYYKBILRGFE-UHFFFAOYSA-N,CC(=O)OCC1=CC=CC=C1
ZCTQGTTXIYCGGC-UHFFFAOYSA-N,C1=CC=C(C=C1)COC(=O)C2=CC=CC=C2O
YPQSPODHFDGVAC-UHFFFAOYSA-N,CCCCCCC(=O)OCCCC
DSSYKIVIOFKYAU-XCBNKYQSSA-N,C[C@@]12CC[C@@H](C1(C)C)CC2=O
HQKQRXZEXPXXIG-DTWJZALFSA-N,C[C@@H]1CC[C@@H]2[C@]13CC[C@@]([C@H](C3)C2(C)C)(C)OC(=O)C
QMVPMAAFGQKVCJ-UHFFFAOYSA-N,CC(CCC=C(C)C)CCO
RFDUMBPGZUIKOG-UHFFFAOYSA-N,CCCCCCCOC(=O)C(C)C
GUUHFMWKWLOQMM-NTCAYCPXSA-N,CCCCCC/C(=C\C1=CC=CC=C1)/C=O
KGEKLUUHTZCSIP-FOGDFJRCSA-N,CC(=O)O[C@@H]1C[C@H]2CC[C@@]1(C2(C)C)C
UPPSFGGDKACIKP-UHFFFAOYSA-N,CC1=CC=C(C=C1)OC(=O)C(C)C
FDJBDZVTTXWIQM-UHFFFAOYSA-N,CC1=CC=CC=C1OC(=O)C(C)C
OJEQSSJFSNLMLB-UHFFFAOYSA-N,CC1=CC=C(C=C1)OC(=O)CC2=CC=CC=C2
VKJIAEQRKBQLLA-UHFFFAOYSA-N,CC1=NC=CN=C1OC
XXIKYCPRDXIMQM-UHFFFAOYSA-N,CC(=CCOC(=O)C)C
ZMANZCXQSJIPKH-UHFFFAOYSA-N,CCN(CC)CC
ZTQSAGDEMFDKMZ-UHFFFAOYSA-N,CCCC=O
HGEVGSTXQGZPCL-UHFFFAOYSA-N,C(CCCC(=O)Cl)CCCC(=O)Cl
WKOLLVMJNQIZCI-UHFFFAOYSA-N,COC1=C(C=CC(=C1)C(=O)O)O
IXQGCWUGDFDQMF-UHFFFAOYSA-N,CCC1=CC=CC=C1O
ACZGCWSMSTYWDQ-UHFFFAOYSA-N,C1C2=CC=CC=C2OC1=O
MSTDXOZUKAQDRL-UHFFFAOYSA-N,C1COC2=CC=CC=C2C1=O
BHUIUXNAPJIDOG-UHFFFAOYSA-N,C1OC2=C(O1)C=C(C=C2)CO
VXIXUWQIVKSKSA-UHFFFAOYSA-N,C1=CC=C2C(=C1)C(=CC(=O)O2)O
AZOCECCLWFDTAP-UHFFFAOYSA-N,CC1CCC(CC1=O)C(=C)C
MWVFCEVNXHTDNF-UHFFFAOYSA-N,CCCC(=O)C(=O)C
NGAZZOYFWWSOGK-UHFFFAOYSA-N,CCCCC(=O)CC
KVFQMAZOBTXCAZ-UHFFFAOYSA-N,CCC(=O)C(=O)CC
HJWLCRVIBGQPNF-UHFFFAOYSA-N,C=CCC1=CC=CC=C1
NORZZKKLCYMBBF-UHFFFAOYSA-N,CCCCOC(=O)C(C)OC(=O)CCC
NMJJFJNHVMGPGM-UHFFFAOYSA-N,CCCCOC=O
ZVEZMVFBMOOHAT-UHFFFAOYSA-N,CCCCCCCCCS
IPBVNPXQWQGGJP-UHFFFAOYSA-N,CC(=O)OC1=CC=CC=C1
MMFCJPPRCYDLLZ-UHFFFAOYSA-N,CCCCCCCC=CC=O
KGEKLUUHTZCSIP-UHFFFAOYSA-N,CC(=O)OC1CC2CCC1(C2(C)C)C
JRFITZGBELIFQM-UHFFFAOYSA-N,CC(=C)C1CCC2(OC(C1)OO2)C
IGIDLTISMCAULB-UHFFFAOYSA-N,CCC(C)CC(=O)O
OVBFMEVBMNZIBR-UHFFFAOYSA-N,CCCC(C)C(=O)O
KRKNYBCHXYNGOX-UHFFFAOYSA-N,C(C(=O)O)C(CC(=O)O)(C(=O)O)O
WPYMKLBDIGXBTP-UHFFFAOYSA-N,C1=CC=C(C=C1)C(=O)O
XIYPXOFSURQTTJ-NSCUHMNNSA-N,CC(=O)/C=C/C1=CC2=C(C=C1)OCO2
KCDXJAYRVLXPFO-UHFFFAOYSA-N,COC1=CC(=CC(=C1O)OC)C=O
OTMFQLIUPDESAI-UHFFFAOYSA-N,CCOC1=C(C=C(C=C1)CC=C)OC
QGNDNDFXCNBMKI-FPLPWBNLSA-N,CCCCCC/C=C\CCC=O
YBBNUDDZOWRHOD-WAYWQWQTSA-N,CCCC/C=C\CCCCC=O
QPULDJYQYDGZEI-WAYWQWQTSA-N,CCCC/C=C\CCC=O
CRPUJAZIXJMDBK-BDAKNGLRSA-N,CC1([C@H]2CC[C@H](C2)C1=C)C
KRCZYMFUWVJCLI-OPRDCNLKSA-N,C[C@@H]1CC[C@H](C[C@H]1O)C(=C)C
CCEFMUBVSUDRLG-IDKOKCKLSA-N,CC(=C)[C@H]1CCC2(C(C1)O2)C
RUMOYJJNUMEFDD-SNVBAGLBSA-N,CC(=C)[C@H]1CCC(=CC1)C=O
CRPUJAZIXJMDBK-DTWKUNHWSA-N,CC1([C@@H]2CC[C@@H](C2)C1=C)C
KRCZYMFUWVJCLI-GUBZILKMSA-N,C[C@H]1CC[C@@H](C[C@@H]1O)C(=C)C
CCEFMUBVSUDRLG-UHFFFAOYSA-N,CC(=C)C1CCC2(C(C1)O2)C
RUMOYJJNUMEFDD-JTQLQIEISA-N,CC(=C)[C@@H]1CCC(=CC1)C=O
LJSQFQKUNVCTIA-UHFFFAOYSA-N,CCSCC
ALVZNPYWJMLXKV-UHFFFAOYSA-N,C(CCCCO)CCCCO
VADKRMSMGWJZCF-UHFFFAOYSA-N,C1=CC=C(C(=C1)O)Br
DHXVGJBLRPWPCS-UHFFFAOYSA-N,C1CCOCC1
QCHZKUPVENJLAW-FYWRMAATSA-N,CCCCC/C(=C\C1=CC=CC=C1)/C(OC)OC
HEVMDQBCAHEHDY-UHFFFAOYSA-N,COC(C1=CC=CC=C1)OC
RWOZGGOKRKSHKN-UHFFFAOYSA-N,CC1=C(C(=C(C(=C1C)C)C=O)C)C
BGTBFNDXYDYBEY-UHFFFAOYSA-N,CC=CC(=O)C1=C(CCCC1(C)C)C
OHDFENKFSKIFBJ-UHFFFAOYSA-N,CC1=C(C=CO1)SSC2=C(OC=C2)C
SWUIQEBPZIHZQS-UHFFFAOYSA-N,CC1=CC2=C(C=C1)OCC(=O)CO2
HQKQRXZEXPXXIG-UHFFFAOYSA-N,CC1CCC2C13CCC(C(C3)C2(C)C)(C)OC(=O)C
RTNPCOBSXBGDMO-ARJAWSKDSA-N,CC/C=C\CCCCC=O
TXWOGHSRPAYOML-UHFFFAOYSA-N,C1CC(C1)C(=O)O
VOATZOQREKBJMT-UHFFFAOYSA-N,CCC(=C)CCCC(C)(C)O
GVOWHGSUZUUUDR-UHFFFAOYSA-N,CNC1=CC=CC=C1C(=O)OC
JSNRRGGBADWTMC-UHFFFAOYSA-N,CC(=CCCC(=CCCC(=C)C=C)C)C
HZPKNSYIDSNZKW-UHFFFAOYSA-N,CCCC(C)C(=O)OCC
CETBSQOFQKLHHZ-UHFFFAOYSA-N,CCSSCC
YIKYNHJUKRTCJL-UHFFFAOYSA-N,CCC1=C(C(=O)C=CO1)O
FVUGZKDGWGKCFE-UHFFFAOYSA-N,CC1CC2=C(CC1(C)C(=O)C)C(CCC2)(C)C
NUPSHWCALHZGOV-UHFFFAOYSA-N,CCCCCCCCCCOC(=O)C
OGJYXQFXLSCKTP-LCYFTJDESA-N,CC(C)C(=O)OC/C=C(/C)\CCC=C(C)C
AVBRYQRTMPHARE-UHFFFAOYSA-N,CCCCCCCCOC=O
TWSRVQVEYJNFKQ-UHFFFAOYSA-N,CCCCCOC(=O)CC
PFWYHTORQZAGCA-UHFFFAOYSA-N,CC(=O)OCC1=CC2=C(C=C1)OCO2
WYURNTSHIVDZCO-UHFFFAOYSA-N,C1CCOC1
SSNZFFBDIMUILS-ZHACJKMWSA-N,CCCCCCCCC/C=C/C=O
ACWQBUSCFPJUPN-HWKANZROSA-N,C/C=C(\C)/C=O
GRHQDJDRGZFIPO-UHFFFAOYSA-N,C(CC(=O)O)CBr
WNXNUPJZWYOKMW-UHFFFAOYSA-N,C(CCBr)CC(=O)O
VLFBSPUPYFTTNF-UHFFFAOYSA-N,CC(CC1=CC=C(C=C1)OC)C=O
MNRZECIRFMLTEY-UHFFFAOYSA-N,CC(C)(C)C1=CC=C(C=C1)OCC=O
YGCZTXZTJXYWCO-UHFFFAOYSA-N,C1=CC=C(C=C1)CCC=O
NHFRGTVSKOPUBK-UHFFFAOYSA-N,C1=CC=C(C=C1)CCCC=O
SQGBBDFDRHDJCJ-UHFFFAOYSA-N,CC(CCO)C1=CC=CC=C1
RWGFKTVRMDUZSP-UHFFFAOYSA-N,CC(C)C1=CC=CC=C1
FINOPSACFXSAKB-UHFFFAOYSA-N,C1=CC=C(C=C1)CCCCC=O
NFLGAXVYCFJBMK-DTWKUNHWSA-N,C[C@H]1CC[C@@H](C(=O)C1)C(C)C
BAVONGHXFVOKBV-YHMJZVADSA-N,CC1=CC[C@H](CC1O)C(=C)C
GSOHKPVFCOWKPU-UHFFFAOYSA-N,CC(C(=O)C)C(=O)C
IGMOYJSFRIASIE-UHFFFAOYSA-N,CC(C)CC(=O)CC(=O)C
GJYXGIIWJFZCLN-UHFFFAOYSA-N,CCCCC(=O)CC(=O)C
KFBXUKHERGLHLG-UHFFFAOYSA-N,CCCCCC(=O)CC(=O)C
ZFNVDHOSLNRHNN-UHFFFAOYSA-N,CC(C)C1=CC=C(C=C1)CC(C)C=O
JFTSYAALCNQOKO-UHFFFAOYSA-N,CCC1=CC=C(C=C1)CC(C)(C)C=O
DYUQAZSOFZSPHD-UHFFFAOYSA-N,CCC(C1=CC=CC=C1)O
XPDORSROGAZEGY-UHFFFAOYSA-N,COC1=CC=C(C=C1)COC=O
NFAVNWJJYQAGNB-UHFFFAOYSA-N,CCCCCCCCCC(C)C=O
VLUMOWNVWOXZAU-UHFFFAOYSA-N,CC(=CC1=CC=CC=C1)C=O
XHJJEWBMBSQVCJ-UHFFFAOYSA-N,CC1=CC(=O)CC(C1)C(C)C
DFJMIMVMOIFPQG-UHFFFAOYSA-N,CC(CCC1=CC=CC=C1)CC=O
HEPHYCJJLAUKSB-UHFFFAOYSA-N,CC(CC1=CC=CC=C1)C=O
SGVBCLGVIOFAFT-UHFFFAOYSA-N,CC1=CC=C(C=C1)CC(C)C=O
VSBHYRPUJHEOBE-UHFFFAOYSA-N,CC1=C(C(=O)C=CO1)OC(=O)C(C)C
XWEOGMYZFCHQNT-UHFFFAOYSA-N,CCOC(=O)CC1(OCCO1)C
VSRVCSJJKWDZSH-UHFFFAOYSA-N,CCCCCC1COCCC1OC(=O)C
XCWPXUNHSPOFGV-UHFFFAOYSA-N,CC(C)CCOCC(=O)OCC=C
UWKAYLJWKGQEPM-UHFFFAOYSA-N,CC(=CCCC(C)(C=C)OC(=O)C)C
UOGMZEGKCNHMBF-UHFFFAOYSA-N,COC1CC2CC1C3C2CC(C3)C=O
NKZPGPZCKPODMT-UHFFFAOYSA-N,CC(CC=O)C1=CC=C(C=C1)C(C)(C)C
RECUKUPTGUEGMW-UHFFFAOYSA-N,CC1=C(C=C(C=C1)C(C)C)O
WSTQLNQRVZNEDV-CSKARUKUSA-N,CCCCCC(/C(=C/CC)/C)O
GFVWSUIPAJYAEG-UHFFFAOYSA-N,CC(C)(C)C1CCCCC1OCCCCO
HGDVHRITTGWMJK-UHFFFAOYSA-N,CC(C)CCCC(C)(C)O
VPKMGDRERYMTJX-CMDGGOBGSA-N,CCC(=O)/C=C/C1C(=CCCC1(C)C)C
CRIGTVCBMUKRSL-FNORWQNLSA-N,C/C=C/C(=O)C1C(=CCCC1(C)C)C
ZALVGSSYVAPZDA-UHFFFAOYSA-N,CCCCCCCCC(OC(=O)C)OC(=O)C
GPMLJOOQCIHFET-UHFFFAOYSA-N,CC1CC(CO1)(C)C2=CC=CC=C2
CHLICZRVGGXEOD-UHFFFAOYSA-N,CC1=CC=C(C=C1)OC
XMLSXPIVAXONDL-PLNGDYQASA-N,CC/C=C\CC1=C(CCC1=O)C
BVWTXUYLKBHMOX-UHFFFAOYSA-N,COC1=C(C=CC(=C1)C(=O)OC)O
NNWHUJCUHAELCL-SNAWJCMRSA-N,C/C=C/C1=CC(=C(C=C1)OC)OC
ZGEHHVDYDNXYMW-UPHRSURJSA-N,C1CCC/C=C\CCCCCCC(=O)CCC1
KHQDWCKZXLWDNM-KPKJPENVSA-N,CC/C(=C\CC1CC=C(C1(C)C)C)/CO
NKMKFQCVDZVEJR-CSKARUKUSA-N,CC1C/C=C/CCCCCCCCCC(=O)C1
DEFJQIDDEAULHB-QWWZWVQMSA-N,C[C@H](C(=O)N[C@H](C)C(=O)O)N
JYWNYMJKURVPFH-UHFFFAOYSA-N,CC(=O)NCCC(=O)C1=C(C=CC(=C1)OC)NC=O
VMJQLPNCUPGMNQ-UHFFFAOYSA-N,CC1=C(C=C2CCC(OC2=C1C)(C)CCC(=O)O)O
HHDDCCUIIUWNGJ-UHFFFAOYSA-N,C(C(=O)C(=O)O)O
KMYWVDDIPVNLME-KQYNXXCUSA-N,C1=NC(=C2C(=N1)N(C=N2)[C@H]3[C@H]4[C@@H]([C@H](O3)CO)OP(=O)(O4)O)N
BZLYOWSSNHNYKW-UHFFFAOYSA-N,CC(C1CCCC(C1)(C)C)OC(C)(C)COC(=O)C2CC2
RBNPOMFGQQGHHO-REOHCLBHSA-N,C([C@@H](C(=O)O)O)O
XGUHPTGEXRHMQQ-BGJMDTOESA-N,C[C@]12CC[C@H]3[C@H]([C@@H]1CCC2=O)CCC4=CC(=O)CC[C@]34CO
RAJWOBJTTGJROA-WZNAKSSCSA-N,C[C@]12CCC(=O)C[C@@H]1CC[C@@H]3[C@@H]2CC[C@]4([C@H]3CCC4=O)C
RFMMMVDNIPUKGG-YFKPBYRVSA-N,CC(=O)N[C@@H](CCC(=O)O)C(=O)O
PZDOWFGHCNHPQD-OQPGPFOOSA-N,C([C@@H]1[C@H]([C@@H]([C@H]([C@H](O1)O[C@@H](C=O)[C@H]([C@@H]([C@@H](CO)O)O)O)O)O)O)O
QXZGBUJJYSLZLT-FDISYFBBSA-N,C1C[C@H](N(C1)C(=O)[C@@H]2CCCN2C(=O)[C@H](CCCN=C(N)N)N)C(=O)NCC(=O)N[C@@H](CC3=CC=CC=C3)C(=O)N[C@@H](CO)C(=O)N4CCC[C@H]4C(=O)N[C@@H](CC5=CC=CC=C5)C(=O)N[C@@H](CCCN=C(N)N)C(=O)O
MCSCIFLXNFLCDV-UHFFFAOYSA-N,CC1=CNC(=O)N1
XVFMGWDSJLBXDZ-UHFFFAOYSA-O,C1=CC(=CC=C1C2=[O+]C3=CC(=CC(=C3C=C2O)O)O)O
DHMQDGOQFOQNFH-UHFFFAOYSA-N,C(C(=O)O)N
KPGXRSRHYNQIFN-UHFFFAOYSA-N,C(CC(=O)O)C(=O)C(=O)O
XSQUKJJJFZCRTK-UHFFFAOYSA-N,C(=O)(N)N
ZQISRDCJNBUVMM-YFKPBYRVSA-N,C1=C(NC=N1)C[C@@H](CO)N
CLGFIVUFZRGQRP-UHFFFAOYSA-N,C12=C(NC(=NC1=O)N)NC(=O)N2
HNJBEVLQSNELDL-UHFFFAOYSA-N,C1CC(=O)NC1
MUMGGOZAMZWBJJ-KZYORJDKSA-N,C[C@]12CC[C@H]3[C@H]([C@@H]1CC[C@H]2O)CCC4=CC(=O)CC[C@]34C
PROQIPRRNZUXQM-ZXXIGWHRSA-N,C[C@]12CC[C@H]3[C@H]([C@@H]1C[C@H]([C@@H]2O)O)CCC4=C3C=CC(=C4)O
LBTVHXHERHESKG-UHFFFAOYSA-N,COC1=C(C=CC(=C1)CCC(=O)CC(=O)CCC2=CC(=C(C=C2)O)OC)O
JFLIEFSWGNOPJJ-JTQLQIEISA-N,C1=CC=C(C=C1)CC(=O)N[C@@H](CCC(=O)N)C(=O)O
MUMGGOZAMZWBJJ-DYKIIFRCSA-N,C[C@]12CC[C@H]3[C@H]([C@@H]1CC[C@@H]2O)CCC4=CC(=O)CC[C@]34C
OTGQIQQTPXJQRG-UHFFFAOYSA-N,CCCCCCCCCCCCCCCCCC(=O)NCCO
AEMFNILZOJDQLW-QAGGRKNESA-N,C[C@]12CCC(=O)C=C1CC[C@@H]3[C@@H]2CC[C@]4([C@H]3CCC4=O)C
HXYVTAGFYLMHSO-UHFFFAOYSA-N,CCCCCCCCCCCCCCCC(=O)NCCO
GUBGYTABKSRVRQ-QUYVBRFLSA-N,C([C@@H]1[C@H]([C@@H]([C@H]([C@H](O1)O[C@@H]2[C@H](O[C@H]([C@@H]([C@H]2O)O)O)CO)O)O)O)O
FKCRAVPPBFWEJD-XVFCMESISA-N,C1=C(N(C(=O)NC1=O)[C@H]2[C@@H]([C@@H]([C@H](O2)CO)O)O)C(=O)O
RZVAJINKPMORJF-UHFFFAOYSA-N,CC(=O)NC1=CC=C(C=C1)O
YZXBAPSDXZZRGB-DOFZRALJSA-N,CCCCC/C=C\C/C=C\C/C=C\C/C=C\CCCC(=O)O
CCPPLLJZDQAOHD-FLIBITNWSA-N,CCCCCC1C(O1)C/C=C\CCCCCCCC(=O)O
SHGAZHPCJJPHSC-XFYACQKRSA-N,CC1=C(C(CCC1)(C)C)/C=C/C(=C/C=C/C(=C\C(=O)O)/C)/C
UKDKTHYZLXZOSS-UHFFFAOYSA-N,CC(=O)NC(CC1=CC(=C(C=C1)O)OC)C(=O)O
NPAGDVCDWIYMMC-IZPLOLCNSA-N,C[C@]12CC[C@H]3[C@H]([C@@H]1CC[C@@H]2O)CCC4=CC(=O)CC[C@H]34
MQTAVJHICJWXBR-UHFFFAOYSA-N,CC(=O)NCCCNCCCCN
MNQZXJOMYWMBOU-UHFFFAOYSA-N,C(C(C=O)O)O
QUOGESRFPZDMMT-YFKPBYRVSA-N,C(CCN=C(N)N)C[C@@H](C(=O)O)N
FONIWJIDLJEJTL-UHFFFAOYSA-N,CC(=O)NCCCCNCCCN
UZTFMUBKZQVKLK-UHFFFAOYSA-N,CC(=O)NCCCC(=O)O
PECYZEOJVXMISF-UHFFFAOYSA-N,C(C(C(=O)O)N)N
YDGMGEXADBMOMJ-LURJTMIESA-N,CN(C)C(=NCCC[C@@H](C(=O)O)N)N
JSJWCHRYRHKBBW-UHFFFAOYSA-N,C(CNC(=O)N)C(=O)O
PHENTZNALBMCQD-UHFFFAOYSA-N,CC(CNC(=O)N)C(=O)O
KLZGKIDSEJWEDW-UHFFFAOYSA-N,CC(=O)NCCCCN
FCCDDURTIIUXBY-UHFFFAOYSA-N,C1CSSC1CCCCC(=O)N
NTYJJOPFIAHURM-UHFFFAOYSA-N,C1=C(NC=N1)CCN
XLSMFKSTNGKWQX-UHFFFAOYSA-N,CC(=O)CO
YNYAYWLBAHXHLL-UHFFFAOYSA-N,COC1=C(C=CC(=C1)C(CN)O)O
UHWURQRPEIFIAK-UHFFFAOYSA-N,CC1=C(C=C2C(=C1[N+](=O)[O-])C(CC2(C)C)(C)C)[N+](=O)[O-]
SUAUILGSCPYJCS-UHFFFAOYSA-N,CC1=C(C=C(C(=C1[N+](=O)[O-])OC)C(C)(C)C)[N+](=O)[O-]
RWSDULKUTPNPMB-UHFFFAOYSA-N,CCC(=O)OCC(C)(C)CC1=C(CCC1C(=C)C)C
WRFXXJKURVTLSY-UHFFFAOYSA-N,CCC(C)CCCC(C)(C)O
ZYIJXTQXQNXPSH-FMIVXFBMSA-N,CC(C)/C=C(\C)/C(C)OC(C)(C)COC(=O)C1CC1
VDBHOHJWUDKDRW-UHFFFAOYSA-N,CC1C(C2=C(C1(C)C)C=C(C(=C2)C)C(=O)C)(C)C
IMRYETFJNLKUHK-UHFFFAOYSA-N,CC1C(C2=C(C1(C)C)C=C(C(=C2)C(=O)C)C)C(C)C
OHHWFLWQMHUVFQ-YNZJMPHRSA-N,C[C@H]1CC(C2=C(C1(C)C)C[C@@]3([C@H](C2)O3)C)(C)C
ZGXVZQZFVYSUDU-ULYHCOEVSA-N,CC(=C)C(=O)O[C@H]1C[C@]23[C@H](O2)CC/C(=C/[C@@H]4[C@@H]1C(=C)C(=O)O4)/CO[C@H]3O
LOKPJYNMYCVCRM-UHFFFAOYSA-N,C1CCCCCCCC(=O)OCCCCCCC1
JIYIHILAGIZIMD-UHFFFAOYSA-N,C1CCCCCC(=O)CCC=CCCCC1
MKEIDVFLAWJKMY-UHFFFAOYSA-N,C1CCCCC(=O)OCCCCCOCCCC1
ABRIMXGLNHCLIP-VURMDHGXSA-N,C1CCCCCC(=O)CCC/C=C\CCCC1
ZKVZSBSZTMPBQR-UPHRSURJSA-N,C1CCC/C=C\CCCCCCCC(=O)CCC1
GJJSUPSPZIZYPM-UHFFFAOYSA-N,C1CCCCCC(=O)OCCOC(=O)CCCC1
MRMOPGVGWFNHIN-UHFFFAOYSA-N,C1CCCCCOCCCCOC(=O)CCCC1
NUSRNVWNTPMBJA-VURMDHGXSA-N,CC1CCOC(=O)CCCCCCC/C=C\C1
QILMAYXCYBTEDM-IWQZZHSRSA-N,C1CCC/C=C\CCCCCCOC(=O)CCC1
MZLRFHKWWCSGHB-UHFFFAOYSA-N,C1CCCCOCCCCCCOC(=O)CCC1
XSNQECSCDATQEL-UHFFFAOYSA-N,CC(CCCC(C)(C)O)C=C
IPWBXORAIBJDDQ-UHFFFAOYSA-N,CCCCCCC1C(CCC1=O)C(=O)OC
DUNCVNHORHNONW-UHFFFAOYSA-N,CC(C)(CCCC(=C)C=C)O
KZZASWGRLOTITL-UHFFFAOYSA-N,CC(C)(CCC1CCCCC1)O
FUNYLZYOEJSMTO-UHFFFAOYSA-N,CC1CCC(C(C1)C)C2=CC=CC=N2
DRTBYQJIHFSKDT-UHFFFAOYSA-N,CC(CCCC1=CC=CC=C1)CO
AKGGYBADQZYZPD-UHFFFAOYSA-N,CC(=O)CCC1=CC=CC=C1
DLHQZZUEERVIGQ-UHFFFAOYSA-N,CCC(C)(CCCC(C)C)O
PRNCMAKCNVRZFX-UHFFFAOYSA-N,CC(C)CCCC(C)CCO
WPPOGHDFAVQKLN-UHFFFAOYSA-N,CCCCCCCCN1CCCC1=O
DPVYDTACPLLHCF-UHFFFAOYSA-N,CC(C)(C)C(=O)OCCC1=CC=CC=C1
QQLIGMASAVJVON-UHFFFAOYSA-N,CC(=O)C1=CC=CC2=CC=CC=C21
OXYRENDGHPGWKV-UHFFFAOYSA-N,CC(CCC1=CC=CC=C1)CCO
RPLWLQJSZFPHGM-NSCUHMNNSA-N,C/C=C/CCCCCCCC#N
DSOXXQLCMAEPEZ-ODYTWBPASA-N,CC/C=C\CC/C=C/C#N
LLYJRIQMURUPPF-XQRVVYSFSA-N,CCC(C1CCCC/C=C\C1)O
YZRXRLLRSPQHDK-UHFFFAOYSA-N,CCCCCCC1CCCC(=O)O1
SAPMLSXAXRULJB-UHFFFAOYSA-N,CC(C)CCCC(C)CC#N
VDHRTASWKDTLER-ARJAWSKDSA-N,CC/C=C\CCCCO
XJHRZBIBSSVCEL-ARJAWSKDSA-N,CC/C=C\CCCCCO
KRLBLPBPZSSIGH-CSKARUKUSA-N,CC/C(=C/CCC(C)(C=C)O)/C
FMPXLXBVYDFXIC-UHFFFAOYSA-N,CC(C)OCCC1=CC=CC=C1
MTDAKBBUYMYKAR-UHFFFAOYSA-N,CC(CCC=C(C)C)CC#N
XPCSGXMQGQGBKU-UHFFFAOYSA-N,CCCCCCCCC(C)C#N
UIKJRDSCEYGECG-UHFFFAOYSA-N,CC(C)C(=O)OCC1=CC=CC=C1
JIMGVOCOYZFDKB-UHFFFAOYSA-N,CC(C)CC(=O)OCCC1=CC=CC=C1
WXPWPYISTQCNDP-UHFFFAOYSA-N,C=CCCCCCCO
GVONPEQEUQYVNH-SNAWJCMRSA-N,CC/C=C/CC1=C(C(=O)CC1)C
QGFSQVPRCWJZQK-UHFFFAOYSA-N,C=CCCCCCCCCO
FHUODBDRWMIBQP-UHFFFAOYSA-N,CCOC(=O)C1=CC=C(C=C1)OC
PRNJXUQTUSFYLV-NTCAYCPXSA-N,CC(=CCC/C(=C/CCC(C)(C=C)OC(=O)C)/C)C
YXVSKJDFNJFXAJ-UHFFFAOYSA-N,CC(C)(CCC1=CC=CC=C1)O
TWXUTZNBHUWMKJ-UHFFFAOYSA-N,C=CCOC(=O)CCC1CCCCC1
JTHVYOIHZNYRCC-UHFFFAOYSA-N,CCCCCCC1CCCC1=O
VZBFPIMCUSPDLS-UHFFFAOYSA-N,CCCCCCC(C)(CC)O
VONGZNXBKCOUHB-UHFFFAOYSA-N,CCCC(=O)OCC1=CC=CC=C1
MQBIZQLCHSZBOI-UHFFFAOYSA-N,CC(=CCCC1=CCC(CC1)C=O)C
VNWOJVJCRAHBJJ-UHFFFAOYSA-N,CCCCCC1CCCC1=O
LOQFOBUZYRBURV-UHFFFAOYSA-N,CCCCCC1C(CC(=O)O1)C
VHOMAPWVLKRQAZ-UHFFFAOYSA-N,CCC(=O)OCC1=CC=CC=C1
AXORVIZLPOGIRG-UHFFFAOYSA-N,CC(CN)C1=CC=CC=C1
SKQYTJLYRIFFCO-UHFFFAOYSA-N,CCCCCCCCCC1CCCC(=O)O1
XPTXKXKPWKNYKB-UHFFFAOYSA-N,CCCCCCCC1CC=CC(=O)O1
HETFMJQWNWIBPN-UHFFFAOYSA-N,CCCCCCCCC=CC#N
STZUZYMKSMSTOU-UHFFFAOYSA-N,CCCCCC(CC)OC(=O)C
SZMNDOUFZGODBR-UHFFFAOYSA-N,CCCCCC(CCCC)O
PJXHBTZLHITWFX-UHFFFAOYSA-N,CCCCCCCC1CCCC1=O
LMETVDMCIJNNKH-UHFFFAOYSA-N,CC(CCC=C(C)C)CCOCC=O
KGWPHCDTOLQQEP-UHFFFAOYSA-N,CC1=C2C(=CC=C1)C=CN2
FTXUQEKXCJSWMO-UHFFFAOYSA-N,C1CCCCOC(=O)CCC1
ZWKNLRXFUTWSOY-QPJJXVBHSA-N,C1=CC=C(C=C1)/C=C/C#N
VXCUURYYWGCLIH-UHFFFAOYSA-N,CCCCCCCCCCCC#N
MJTPMXWJHPOWGH-UHFFFAOYSA-N,CC(C)C(=O)OCCOC1=CC=CC=C1
YPKBCLZFIYBSHK-UHFFFAOYSA-N,CC1=CC2=C(C=C1)NC=C2
GOMAKLPNAAZVCJ-UHFFFAOYSA-N,CCOC(=O)C1C(O1)C2=CC=CC=C2
HFNGYHHRRMSKEU-UHFFFAOYSA-N,CC(=O)OCC1=CC=C(C=C1)OC
FQMZVFJYMPNUCT-YRNVUSSQSA-N,CC(=CCC/C(=C/COC=O)/C)C
HIGQPQRQIQDZMP-FLIBITNWSA-N,CC(=CCC/C(=C\COC(=O)C)/C)C
PXRBWNLUQYZAAX-UHFFFAOYSA-N,CCCCC1CCCC(=O)O1
RZZLMGATMUAJPX-UHFFFAOYSA-N,CCCCCCCCC1CCCC(=O)O1
BYCHQEILESTMQU-FMIVXFBMSA-N,CCC(=O)OC/C=C(\C)/CCC=C(C)C
NTPLXRHDUXRPNE-UHFFFAOYSA-N,CC(=O)C1=CC=C(C=C1)OC
UCSIFMPORANABL-UHFFFAOYSA-N,CC(C)CCCC(C)CC=O
ZSBOMYJPSRFZAL-JLHYYAGUSA-N,CCCC(=O)OC/C=C(\C)/CCC=C(C)C
BLRHMMGNCXNXJL-UHFFFAOYSA-N,CN1C=CC2=CC=CC=C21
YNBADRVTZLEFNH-UHFFFAOYSA-N,COC(=O)C1=CN=CC=C1
MINYPECWDZURGR-UHFFFAOYSA-N,CC1=C(C(=C(C(=C1C)[N+](=O)[O-])C(C)(C)C)[N+](=O)[O-])C
ZFGBKXBPHOUSJX-UHFFFAOYSA-N,CC1CC=CCCCCCCCCC(=O)C1
YWVSYRJWCROMKO-UHFFFAOYSA-N,CC(C1CCCC(C1)(C)C)OC(=O)C
CVKMFSAVYPAZTQ-UHFFFAOYSA-N,CCCCC(C)C(=O)O
NZQMQVJXSRMTCJ-UHFFFAOYSA-N,CCCC(C)CC(=O)O
NTWSIWWJPQHFTO-AATRIKPKSA-N,CCC/C(=C/C(=O)O)/C
RGRNSTGIHROKJB-UHFFFAOYSA-N,CCCC(C)(CC(=O)O)O
NKBWMBRPILTCRD-UHFFFAOYSA-N,CCCCCC(C)C(=O)O
JZBCTZLGKSYRSF-UHFFFAOYSA-N,CCC1=NC=C(N=C1C)C
CHCKBDDEJDVRSJ-UHFFFAOYSA-N,CCC(C)C1=C(C=CC=N1)OC
ZBYPSGBBPAPHDG-UHFFFAOYSA-N,CC(C)CC1=C(C=CC=N1)OC
FYGUSUBEMUKACF-UHFFFAOYSA-N,C1C2CC(C1C=C2)C(=O)O
LXXNWCFBZHKFPT-UHFFFAOYSA-N,CCOC(=O)C(C)S
XSAYZAUNJMRRIR-UHFFFAOYSA-N,CC(=O)C1=CC2=CC=CC=C2C=C1
JZBCTZLGKSYRSF-UHFFFAOYSA-N WHMWOHBXYIZFPF-UHFFFAOYSA-N,CCC1=NC=C(N=C1C)C CCC1=NC(=CN=C1C)C
UCGOSAWBWFUKDT-UHFFFAOYSA-N JFUVDGXTDCVGHA-UHFFFAOYSA-N,CC1=CN=C(C(=N1)C)C(=O)C CC1=CN=C(C(=N1)C(=O)C)C
RAFHQTNQEZECFL-UHFFFAOYSA-N OXCKCFJIKRGXMM-UHFFFAOYSA-N,CCC1=NC(=CN=C1)C CCC1=NC=C(N=C1)C
OQAGVSWESNCJJT-UHFFFAOYSA-N OCWLYWIFNDCWRZ-UHFFFAOYSA-N,CC(C)CC(=O)OC CCC(C)C(=O)OC
KIDHWZJUCRJVML-UHFFFAOYSA-N ZMANZCXQSJIPKH-UHFFFAOYSA-N PAYRUJLWNCNPSJ-UHFFFAOYSA-N JUJWROOIHBZHMG-UHFFFAOYSA-N BMFVGAAISNGQNM-UHFFFAOYSA-N LCZUOKDVTBMCMX-UHFFFAOYSA-N MMOXZBCLCQITDF-UHFFFAOYSA-N DZGWFCGJZKJUFP-UHFFFAOYSA-N,C(CCN)CN CCN(CC)CC C1=CC=C(C=C1)N C1=CC=NC=C1 CC(C)CCN CC1=CN=C(C=N1)C CCN(CC)C(=O)C1=CC=CC(=C1)C C1=CC(=CC=C1CCN)O
LRHPLDYGYMQRHN-UHFFFAOYSA-N KBPLFHHGFOOTCA-UHFFFAOYSA-N MWKFXSUHUHTGQN-UHFFFAOYSA-N LQZZUXJYWNFBMV-UHFFFAOYSA-N FCBBRODPXVPZAH-UHFFFAOYSA-N YIWUKEYIRIRTPP-UHFFFAOYSA-N ZXEKIIBDNHEJCQ-UHFFFAOYSA-N,CCCCO CCCCCCCCO CCCCCCCCCCO CCCCCCCCCCCCO CCCCC(CCCC)O CCCCC(CC)CO CC(C)CO
ZTQSAGDEMFDKMZ-UHFFFAOYSA-N JARKCYVAAOWBJS-UHFFFAOYSA-N NUJGJRNETVAIRJ-UHFFFAOYSA-N KSMVZQYAVGTKIV-UHFFFAOYSA-N HFJRKMMYBMWEAD-UHFFFAOYSA-N JZQKTMZYLHNFPL-ANYPYVPJSA-N,CCCC=O CCCCCC=O CCCCCCCC=O CCCCCCCCCC=O CCCCCCCCCCCC=O CCCCCC=C/C=C/C=O
FDPIMTJIUBPUKL-UHFFFAOYSA-N CATSNJVOTSVZJV-UHFFFAOYSA-N VKCYHJWLYTUGCC-UHFFFAOYSA-N,CCC(=O)CC CCCCCC(=O)C CCCCCCCC(=O)C
FERIUCNNQQJTOY-UHFFFAOYSA-N FUZZWVXGSFPDMH-UHFFFAOYSA-N WWZKQHOCKIZLMA-UHFFFAOYSA-N FBUKVWPVBMHYJY-UHFFFAOYSA-N GHVNFZFCNZKVNT-UHFFFAOYSA-N,CCCC(=O)O CCCCCC(=O)O CCCCCCCC(=O)O CCCCCCCCC(=O)O CCCCCCCCCC(=O)O
YLYBTZIQSIBWLI-UHFFFAOYSA-N GJQIMXVRFNLMTB-UHFFFAOYSA-N PWLNAUNEAKQYLH-UHFFFAOYSA-N MMXKVMNBHPAILY-UHFFFAOYSA-N MDHYEMXUFSJLGV-UHFFFAOYSA-N XAOGXQMKWQFZEM-UHFFFAOYSA-N,CCCCCCCCOC(=O)C CCCCCCCCCOC(=O)C CCCCCCCCOC(=O)CCC CCCCCCCCCCCC(=O)OCC CC(=O)OCCC1=CC=CC=C1 CCC(=O)OCCC(C)C
UHOVQNZJYSORNB-UHFFFAOYSA-N HJWLCRVIBGQPNF-UHFFFAOYSA-N WRMNZCZEMHIOCP-UHFFFAOYSA-N MTZQAGJQAFMTAQ-UHFFFAOYSA-N RDOXTESZEPMUJZ-UHFFFAOYSA-N MDHYEMXUFSJLGV-UHFFFAOYSA-N,C1=CC=CC=C1 C=CCC1=CC=CC=C1 C1=CC=C(C=C1)CCO CCOC(=O)C1=CC=CC=C1 COC1=CC=CC=C1 CC(=O)OCCC1=CC=CC=C1
MWOOGOJBHIARFG-UHFFFAOYSA-N LPIRKPUURBAMMR-UHFFFAOYSA-N JVTZFYYHCGSXJV-UHFFFAOYSA-N JJVNINGBHGBWJH-UHFFFAOYSA-N MYLBIQHZWFWSMH-UHFFFAOYSA-N POQJHLBMLVTHAU-UHFFFAOYSA-N,COC1=C(C=CC(=C1)C=O)O CC(=O)OC1=C(C=CC(=C1OC)O)C=O COC1=C(C=C(C=C1)C=O)O COC1=CC=CC(=C1O)C=O CC1=C(C=CC(=C1)C=O)OC CC1=C(C=C(C=C1)C=O)C
YEJRWHAVMIAJKC-UHFFFAOYSA-N IPBFYZQJXZJBFQ-UHFFFAOYSA-N IFYYFLINQYPWGJ-UHFFFAOYSA-N PHXATPHONSXBIL-UHFFFAOYSA-N WGPCZPLRVAWXPW-UHFFFAOYSA-N,C1CC(=O)OC1 CCCCC1CCC(=O)O1 CCCCCCC1CCC(=O)O1 CCCCCCCC1CCC(=O)O1 CCCCCCCCC1CCC(=O)O1
QSJXEFYPDANLFS-UHFFFAOYSA-N FERIUCNNQQJTOY-UHFFFAOYSA-N GHBSPIPJMLAMEP-UHFFFAOYSA-N,CC(=O)C(=O)C CCCC(=O)O CCCCCC1CCCC(=O)O1
UFLHIIWVXFIJGU-ARJAWSKDSA-N MBDOYVRWFFCFHM-SNAWJCMRSA-N,CC/C=C\CCO CCC/C=C/C=O
XSAYZAUNJMRRIR-UHFFFAOYSA-N ULDHMXUKGWMISQ-SECBINFHSA-N NNWHUJCUHAELCL-SNAWJCMRSA-N MDHYEMXUFSJLGV-UHFFFAOYSA-N,CC(=O)C1=CC2=CC=CC=C2C=C1 CC1=CC[C@H](CC1=O)C(=C)C C/C=C/C1=CC(=C(C=C1)OC)OC CC(=O)OCCC1=CC=CC=C1
ULDHMXUKGWMISQ-SECBINFHSA-N ULDHMXUKGWMISQ-VIFPVBQESA-N UFLHIIWVXFIJGU-ARJAWSKDSA-N ZRSNZINYAWTAHE-UHFFFAOYSA-N XSAYZAUNJMRRIR-UHFFFAOYSA-N CDOSHBSSFJOMGT-UHFFFAOYSA-N,CC1=CC[C@H](CC1=O)C(=C)C CC1=CC[C@@H](CC1=O)C(=C)C CC/C=C\CCO COC1=CC=C(C=C1)C=O CC(=O)C1=CC2=CC=CC=C2C=C1 CC(=CCCC(C)(C=C)O)C
JLPUXFOGCDVKGO-TUAOUCFPSA-N,C[C@H]1CCC[C@@]2([C@@]1(CCCC2)O)C
JDLKFOPOAOFWQN-UHFFFAOYSA-N,C=CCSS(=O)CC=C
RTUMCNDCAVLXEP-UHFFFAOYSA-N,CC1=CC2=C(C=C1)C(CC=C2)(C)C
