inchikey,smiles,n_atoms,mmff_energy,status
AMIMRNSIRUDHCM-UHFFFAOYSA-N,CC(C)C=O,13.0,2.356082338944627,ok
BJIOGJUNALELMI-ONEGZZNKSA-N,C/C=C/C1=CC(=C(C=C1)O)OC,24.0,21.63039590927449,ok
CATSNJVOTSVZJV-UHFFFAOYSA-N,CCCCCC(=O)C,22.0,1.107693733129918,ok
DKPFZGUDAPQIHT-UHFFFAOYSA-N,CCCCOC(=O)C,20.0,-10.468996957844137,ok
DTUQWGWMVIHBKE-UHFFFAOYSA-N,C1=CC=C(C=C1)CC=O,17.0,31.975472050159265,ok
FERIUCNNQQJTOY-UHFFFAOYSA-N,CCCC(=O)O,14.0,-28.02970332227185,ok
FGKJLKRYENPLQH-UHFFFAOYSA-N,CC(C)CCC(=O)O,20.0,-21.638785970009582,ok
FKUPPRZPSYCDRS-UHFFFAOYSA-N,C1CCCCCCCOC(=O)CCCCCC1,45.0,4.908466269913454,ok
FUZZWVXGSFPDMH-UHFFFAOYSA-N,CCCCCC(=O)O,20.0,-26.393560082901896,ok
FZJUFJKVIYFBSY-UHFFFAOYSA-N,CC(C)(C)C1=CC=C(C=C1)CCC=O,32.0,34.276257370903195,ok
GWYFCOCPABKNJV-UHFFFAOYSA-N,CC(C)CC(=O)O,17.0,-23.016642838490483,ok
HFVMLYAGWXSTQI-QYXZOKGRSA-N,C[C@]12CC[C@H]3[C@H]([C@@H]1CC=C2)CC[C@@H]4[C@@]3(CCC(=O)C4)C,48.0,77.81050933013256,ok
HIGQPQRQIQDZMP-DHZHZOJOSA-N,CC(=CCC/C(=C/COC(=O)C)/C)C,34.0,8.802566800637944,ok
HNDHDMOSWUAEAW-VMXHOPILSA-N,C[C@]12CC[C@H]3[C@H]([C@@H]1CC=C2)CCC4=CC(=O)CC[C@]34C,46.0,71.34366563552913,ok
JHIVVAPYMSGYDF-UHFFFAOYSA-N,C1CCC(=O)CC1,17.0,4.032555166238879,ok
KGEKLUUHTZCSIP-JFGNBEQYSA-N,CC(=O)O[C@H]1C[C@H]2CC[C@]1(C2(C)C)C,,,embed_fail
KMPQYAYAQWNLME-UHFFFAOYSA-N,CCCCCCCCCCC=O,34.0,0.21619214337214032,ok
KQNPFQTWMSNSAP-UHFFFAOYSA-N,CC(C)C(=O)O,14.0,-23.74565591918304,ok
KSMVZQYAVGTKIV-UHFFFAOYSA-N,CCCCCCCCCC=O,31.0,-1.255986358790917,ok
KWOLFJPFCHCOCG-UHFFFAOYSA-N,CC(=O)C1=CC=CC=C1,17.0,35.26812420619737,ok
KYQCOXFCLRTKLS-UHFFFAOYSA-N,C1=CN=CC=N1,10.0,52.538029862509696,ok
LHGVFZTZFXWLCP-UHFFFAOYSA-N,COC1=CC=CC=C1O,17.0,27.54897476633065,ok
LHXDLQBQYFFVNW-OIBJUYFYSA-N,C[C@@]12CC[C@@H](C1)C(C2=O)(C)C,27.0,40.822220205506696,ok
LRHPLDYGYMQRHN-UHFFFAOYSA-N,CCCCO,15.0,-0.8804581799141538,ok
LSDPWZHWYPCBBB-UHFFFAOYSA-N,CS,6.0,0.6064032156673107,ok
MMFCJPPRCYDLLZ-CMDGGOBGSA-N,CCCCCCC/C=C/C=O,29.0,6.962490253133456,ok
MWOOGOJBHIARFG-UHFFFAOYSA-N,COC1=C(C=CC(=C1)C=O)O,19.0,29.305338730075878,ok
NOOLISFMXDJSKH-AEJSXWLSSA-N,C[C@H]1CC[C@@H]([C@H](C1)O)C(C)C,31.0,26.2166918101183,ok
NOOLISFMXDJSKH-KXUCPTDWSA-N,C[C@@H]1CC[C@H]([C@@H](C1)O)C(C)C,31.0,19.006548981250383,ok
NUJGJRNETVAIRJ-UHFFFAOYSA-N,CCCCCCCC=O,25.0,-1.349686814182137,ok
OSWPMRLSEDHDFF-UHFFFAOYSA-N,COC(=O)C1=CC=CC=C1O,19.0,28.530998085424677,ok
PETRWTHZSKVLRE-UHFFFAOYSA-N,CC1=CC(=C(C=C1)O)OC,20.0,21.362176873058917,ok
PGMYKACGEOXYJE-UHFFFAOYSA-N,CCCCCOC(=O)C,23.0,-11.607154296833034,ok
QPJVMBTYPHYUOC-UHFFFAOYSA-N,COC(=O)C1=CC=CC=C1,18.0,30.03431489489345,ok
QSJXEFYPDANLFS-UHFFFAOYSA-N,CC(=O)C(=O)C,12.0,23.4658676913604,ok
RMBFBMJGBANMMK-UHFFFAOYSA-N,CC1=C(C=C(C=C1)[N+](=O)[O-])[N+](=O)[O-],19.0,74.93513094847214,ok
SCCDQYPEOIRVGX-UHFFFAOYSA-N,CC(=O)OC1=C(C=C(C=C1)CC=C)OC,29.0,50.76863077548807,ok
UBJVUCKUDDKUJF-UHFFFAOYSA-N,C=CCSCC=C,17.0,13.871189945056907,ok
UFLHIIWVXFIJGU-ARJAWSKDSA-N,CC/C=C\CCO,19.0,17.309667246789537,ok
USIUVYZYUHIAEV-UHFFFAOYSA-N,C1=CC=C(C=C1)OC2=CC=CC=C2,23.0,42.23806036068455,ok
WEEGYLXZBRQIMU-UHFFFAOYSA-N,CC1(C2CCC(O1)(CC2)C)C,29.0,38.381935174371876,ok
WTEVQBCEXWBHNA-JXMROGBWSA-N,CC(=CCC/C(=C/C=O)/C)C,27.0,26.589204806864334,ok
XAPCMTMQBXLDBB-UHFFFAOYSA-N,CCCCCCOC(=O)CCC,32.0,-12.20663529656209,ok
XRHCAGNSDHCHFJ-UHFFFAOYSA-N,C1CCCCCC(=O)OCCOC(=O)CCCCC1,45.0,-4.400456058515462,ok
YLYBTZIQSIBWLI-UHFFFAOYSA-N,CCCCCCCCOC(=O)C,32.0,-10.4277367941254,ok
ZCZSIDMEHXZRLG-UHFFFAOYSA-N,CCCCCCCOC(=O)C,29.0,-9.495523866347764,ok
ZWEHNKRNPOVVGH-UHFFFAOYSA-N,CCC(=O)C,13.0,1.2837200822216428,ok
ZYEMGPIYFIJGTP-UHFFFAOYSA-N,COC1=C(C=C(C=C1)CC=C)OC,27.0,54.430450910731224,ok
IAEGWXHKWJGQAZ-UHFFFAOYSA-N,CC1=CN=C(C(=N1)C)C,19.0,58.36795862604329,ok
JARKCYVAAOWBJS-UHFFFAOYSA-N,CCCCCC=O,19.0,-1.5946892873652772,ok
JLPUXFOGCDVKGO-TUAOUCFPSA-N,C[C@H]1CCC[C@@]2([C@@]1(CCCC2)O)C,35.0,41.82677169130823,ok
NKMKFQCVDZVEJR-CSKARUKUSA-N,CC1C/C=C/CCCCCCCCCC(=O)C1,45.0,21.82724872386033,ok
NVIPUOMWGQAOIT-RQOWECAXSA-N,C1CCCCOC(=O)CCCCC/C=C\CCC1,46.0,9.735934775506445,ok
QGNDNDFXCNBMKI-FPLPWBNLSA-N,CCCCCC/C=C\CCC=O,32.0,4.564522526849013,ok
RTUMCNDCAVLXEP-UHFFFAOYSA-N,CC1=CC2=C(C=C1)C(CC=C2)(C)C,29.0,44.353116519981825,ok
ULDHMXUKGWMISQ-SECBINFHSA-N,CC1=CC[C@H](CC1=O)C(=C)C,25.0,26.55743385214817,ok
ULDHMXUKGWMISQ-VIFPVBQESA-N,CC1=CC[C@@H](CC1=O)C(=C)C,25.0,26.645542186614065,ok
WXCMHFPAUCOJIG-UHFFFAOYSA-N,CC1=C(C(=C(C(=C1[N+](=O)[O-])C(C)(C)C)[N+](=O)[O-])C)C(=O)C,39.0,126.35867081502184,ok
XMWRWTSZNLOZFN-UHFFFAOYSA-N,CC1=C(C(=C(C(=C1[N+](=O)[O-])C(C)(C)C)[N+](=O)[O-])C)[N+](=O)[O-],36.0,133.4807678835591,ok
XSAYZAUNJMRRIR-UHFFFAOYSA-N,CC(=O)C1=CC2=CC=CC=C2C=C1,23.0,46.10404972908147,ok
ZCDYAMJXVAUTIM-UHFFFAOYSA-N,C=CCOC(=O)CC1=CC=CC=C1,25.0,29.652234893104357,ok
ZGEHHVDYDNXYMW-UPHRSURJSA-N,C1CCC/C=C\CCCCCCC(=O)CCC1,45.0,21.076986484373545,ok
ZRSNZINYAWTAHE-UHFFFAOYSA-N,COC1=CC=C(C=C1)C=O,18.0,34.38901111867779,ok
WTOYNNBCKUYIKC-JMSVASOKSA-N,C[C@@H]1CC(=O)C=C2[C@]1(C[C@@H](CC2)C(=C)C)C,38.0,43.80177780219348,ok
ALVPFGSHPUPROW-UHFFFAOYSA-N,CCCSSCCC,22.0,-3.532111522678459,ok
AMXYRHBJZOVHOL-ODYTWBPASA-N,CC/C=C\CC/C=C/CO,26.0,9.117139924124814,ok
AOGQPLXWSUTHQB-UHFFFAOYSA-N,CCCCCCOC(=O)C,26.0,-10.595880005732695,ok
ARJWAURHQDJJAC-GQCTYLIASA-N,CCC(C)C(=O)/C=C/C,23.0,15.762228881028893,ok
BGTBFNDXYDYBEY-FNORWQNLSA-N,C/C=C/C(=O)C1=C(CCCC1(C)C)C,34.0,39.197036965540995,ok
BHIWKHZACMWKOJ-UHFFFAOYSA-N,CC(C)C(=O)OC,17.0,-6.1074342174169765,ok
BSAIUMLZVGUGKX-BQYQJAHWSA-N,CCCCCC/C=C/C=O,26.0,5.5567671124465985,ok
BSAIUMLZVGUGKX-FPLPWBNLSA-N,CCCCCC/C=C\C=O,26.0,11.639015758131933,ok
CAWHJQAVHZEVTJ-UHFFFAOYSA-N,CC1=NC=CN=C1,13.0,54.08804686749015,ok
CBOQJANXLMLOSS-UHFFFAOYSA-N,CCOC1=C(C=CC(=C1)C=O)O,22.0,29.135420380979845,ok
CIBKSMZEVHTQLG-UHFFFAOYSA-N,CCC1=CN=C(C(=N1)C)C,22.0,57.54183743618179,ok
CLUWOWRTHNNBBU-UHFFFAOYSA-N,CSCCC=O,14.0,0.14116627793044545,ok
CWRKZMLUDFBPAO-SREVYHEPSA-N,CCCCC/C=C\CCC=O,29.0,5.179178557520169,ok
CZUGFKJYCPYHHV-UHFFFAOYSA-N,CSCCCO,16.0,3.598104525962115,ok
DBZAKQWXICEWNW-UHFFFAOYSA-N,CC(=O)C1=NC=CN=C1,15.0,81.73598611426081,ok
DHKHKXVYLBGOIT-UHFFFAOYSA-N,CCOC(C)OCC,22.0,-6.0166122144977505,ok
DPCILIMHENXHQX-UHFFFAOYSA-N,CCC1=NC=CN=C1OC,20.0,54.438067129492126,ok
DULCUDSUACXJJC-UHFFFAOYSA-N,CCOC(=O)CC1=CC=CC=C1,24.0,27.21503076375337,ok
FUGYGGDSWSUORM-UHFFFAOYSA-N,C=CC1=CC=C(C=C1)O,17.0,10.764093253679677,ok
FZOZFDAMVVEZSJ-UHFFFAOYSA-N,CC(=O)C1=NCCS1,15.0,54.27513273112193,ok
GAZXPZNJTZIGBO-UHFFFAOYSA-N,CCCSSSCCC,23.0,-17.211601973595585,ok
GCZQHDFWKVMZOE-UHFFFAOYSA-N,C1=CSC(=C1)CS,13.0,7.640809097371136,ok
GHVNFZFCNZKVNT-UHFFFAOYSA-N,CCCCCCCCCC(=O)O,32.0,-27.63533972901862,ok
GLZPCOQZEFWAFX-JXMROGBWSA-N,CC(=CCC/C(=C/CO)/C)C,29.0,16.594423232758054,ok
GNKZMNRKLCTJAY-UHFFFAOYSA-N,CC1=CC=C(C=C1)C(=O)C,20.0,37.26539449862419,ok
GXANMBISFKBPEX-ARJAWSKDSA-N,CC/C=C\CC=O,17.0,20.487734772399236,ok
GYHFUZHODSMOHU-UHFFFAOYSA-N,CCCCCCCCC=O,28.0,-1.3391014894364037,ok
GZXXANJCCWGCSV-UHFFFAOYSA-N,CCC1=NC=CN=C1CC,22.0,56.42595324003468,ok
HEQOJEGTZCTHCF-UHFFFAOYSA-N,C1=CC=C(C=C1)C(=O)CN,19.0,67.59691482230409,ok
HJFZAYHYIWGLNL-UHFFFAOYSA-N,CC1=CN=CC(=N1)C,16.0,55.63264510638381,ok
HMNKTRSOROOSPP-UHFFFAOYSA-N,CCC1=CC(=CC=C1)O,19.0,7.47106688261814,ok
HSDXVAOHEOSTFZ-UHFFFAOYSA-N,CCCCCC1=CC=CC=N1,26.0,16.280577383600782,ok
HXDOZKJGKXYMEW-UHFFFAOYSA-N,CCC1=CC=C(C=C1)O,19.0,7.432322361259498,ok
HZYHMHHBBBSGHB-ODYTWBPASA-N,CC/C=C\CC/C=C/C=O,24.0,19.394128776532142,ok
ICMAFTSLXCXHRK-UHFFFAOYSA-N,CCCCC(=O)OCC,23.0,-12.859608385381218,ok
IFNDEOYXGHGERA-UHFFFAOYSA-N,CC1=CC(=C(C=C1)OC)O,20.0,21.345575110145134,ok
IWDCLRJOBJJRNH-UHFFFAOYSA-N,CC1=CC=C(C=C1)O,16.0,7.798632663999025,ok
JJOYCHKVKWDMEA-UHFFFAOYSA-N,CCOC(=O)C1CCCCC1,27.0,-1.6809859556122404,ok
JLIDVCMBCGBIEY-UHFFFAOYSA-N,CCC(=O)C=C,14.0,11.968277978821511,ok
JZBCTZLGKSYRSF-UHFFFAOYSA-N,CCC1=NC=C(N=C1C)C,22.0,58.31680408609289,ok
JZQKTMZYLHNFPL-BLHCBFLLSA-N,CCCCC/C=C/C=C/C=O,27.0,4.9117197392700565,ok
KANZWHBYRHQMKZ-UHFFFAOYSA-N,C=CC1=NC=CN=C1,14.0,64.51217837947148,ok
KBEBGUQPQBELIU-CMDGGOBGSA-N,CCOC(=O)/C=C/C1=CC=CC=C1,25.0,8.938414514509141,ok
KLIDCXVFHGNTTM-UHFFFAOYSA-N,COC1=C(C(=CC=C1)OC)O,21.0,40.03867495671683,ok
KLTVSWGXIAYTHO-UHFFFAOYSA-N,CCCCCC(=O)C=C,23.0,13.033600045890601,ok
KUFFULVDNCHOFZ-UHFFFAOYSA-N,CC1=CC(=C(C=C1)O)C,19.0,11.883078797452516,ok
LCZUOKDVTBMCMX-UHFFFAOYSA-N,CC1=CN=C(C=N1)C,16.0,55.642834778838726,ok
LFQSCWFLJHTTHZ-UHFFFAOYSA-N,CCO,9.0,-1.3368570639146007,ok
LIIALPBMIOVAHH-UHFFFAOYSA-N,COC1=CC2=C(C=C1)C=CC(=O)O2,21.0,35.62809252665242,ok
LNIMMWYNSBZESE-UHFFFAOYSA-N,CCC1=NC=CN=C1C,19.0,56.42022808966167,ok
LOCDPORVFVOGCR-UHFFFAOYSA-N,CSCSC,13.0,-3.9225621660378707,ok
LVBXEMGDVWVTGY-SREVYHEPSA-N,CCCCC/C=C\C=O,23.0,11.09756130758936,ok
LYRIITRHDCNUHV-SSDOTTSWSA-N,CCC[C@H](CC(=O)OCC)O,27.0,-7.9170704155624065,ok
MBDOYVRWFFCFHM-SNAWJCMRSA-N,CCC/C=C/C=O,17.0,8.758422170298893,ok
MDHYEMXUFSJLGV-UHFFFAOYSA-N,CC(=O)OCCC1=CC=CC=C1,24.0,15.28228986086577,ok
MLFHJEHSLIIPHL-UHFFFAOYSA-N,CC(C)CCOC(=O)C,23.0,-5.136758878405335,ok
MMSLOZQEMPDGPI-UHFFFAOYSA-N,CC1=CC=C(C=C1)C(=C)C,22.0,28.803438612175164,ok
MTZQAGJQAFMTAQ-UHFFFAOYSA-N,CCOC(=O)C1=CC=CC=C1,21.0,28.143355299847443,ok
NBBJYMSMWIIQGU-UHFFFAOYSA-N,CCC=O,10.0,-1.467295358816597,ok
NDFKTBCGKNOHPJ-AATRIKPKSA-N,CCCC/C=C/C=O,20.0,8.866084548428091,ok
NDVASEGYNIMXJL-NXEZZACHSA-N,CC(C)[C@]12CCC(=C)[C@H]1C2,26.0,29.226153083749395,ok
NPFVOOAXDOBMCE-PLNGDYQASA-N,CC/C=C\CCOC(=O)C,24.0,3.8380802503103135,ok
NQPDZGIKBAWPEJ-UHFFFAOYSA-N,CCCCC(=O)O,17.0,-27.652419389157497,ok
NTOPKICPEQUPPH-UHFFFAOYSA-N,CC(C)C1=NC=CN=C1OC,23.0,60.03060614187061,ok
NVLPQIPTCCLBEU-UHFFFAOYSA-N,CSCC=C,13.0,7.331291313262636,ok
NXXYKOUNUYWIHA-UHFFFAOYSA-N,CC1=C(C(=CC=C1)C)O,19.0,13.651549076232694,ok
OBNCKNCVKJNDBV-UHFFFAOYSA-N,CCCC(=O)OCC,20.0,-11.79791003208707,ok
OFQRUTMGVBMTFQ-UHFFFAOYSA-N,CCOC(=O)CCC(C)C,26.0,-7.072099391435803,ok
OGLDWXZKYODSOB-SNVBAGLBSA-N,CC1=CC[C@@H](C=C1)C(C)C,26.0,23.879655915693963,ok
OOCCDEMITAIZTP-QPJJXVBHSA-N,C1=CC=C(C=C1)/C=C/CO,20.0,12.104274636949041,ok
OQWNKUAZQSLNSR-UHFFFAOYSA-N,CC(C)CCCCCCCCCCC=O,43.0,10.648624662904933,ok
OVNCGQSYSSYBPO-UHFFFAOYSA-N,CCC(=O)C1=NCCC1,20.0,29.09884388056359,ok
OXQOBQJCDNLAPO-UHFFFAOYSA-N,CC1=NC=CN=C1C,16.0,56.81651698299009,ok
PANBRUWVURLWGY-MDZDMXLPSA-N,CCCCCCCC/C=C/C=O,32.0,8.099891715978632,ok
PFRGXCVKLLPLIP-UHFFFAOYSA-N,C=CCSSCC=C,18.0,20.171100043699163,ok
PHTQWCKDNZKARW-UHFFFAOYSA-N,CC(C)CCO,18.0,3.49563314593717,ok
PPJSYGVFDJEMRP-UHFFFAOYSA-N,CCC1=NC=CN=C1C(=O)C,21.0,86.85136120612228,ok
PPXUHEORWJQRHJ-UHFFFAOYSA-N,CCOC(=O)CC(C)C,23.0,-7.256803974307219,ok
PSINWXIDJYEXLO-UHFFFAOYSA-N,CCC1=NC=C(N=C1CC)C,25.0,58.27694103977387,ok
PSQYTAPXSHCGMF-BQYQJAHWSA-N,CC1=C(C(CCC1)(C)C)/C=C/C(=O)C,34.0,29.48896317027088,ok
PXIKRTCSSLJURC-UHFFFAOYSA-N,CCCC1=CC(=C(C=C1)O)OC,26.0,28.94970433493354,ok
QMMFVYPAHWMCMS-UHFFFAOYSA-N,CSC,9.0,3.230951838142264,ok
QTBSBXVTEAMEQO-UHFFFAOYSA-N,CC(=O)O,8.0,-26.40593271276166,ok
QUNOTZOHYZZWKQ-UHFFFAOYSA-N,CC1=NC=CN=C1C(=O)C,18.0,86.63523310711241,ok
QWVGKYWNOKOFNN-UHFFFAOYSA-N,CC1=CC=CC=C1O,16.0,9.372754150186175,ok
RGXWDWUGBIJHDO-UHFFFAOYSA-N,CCCCCCCCCC(=O)OCC,38.0,-7.907992865945926,ok
RLSSMJSEOOYNOY-UHFFFAOYSA-N,CC1=CC(=CC=C1)O,16.0,7.842992799271188,ok
RRAFCDWBNXTKKO-UHFFFAOYSA-N,COC1=C(C=CC(=C1)CC=C)O,24.0,41.109193924214715,ok
RUVINXPYWBROJD-ONEGZZNKSA-N,C/C=C/C1=CC=C(C=C1)OC,23.0,24.13786719694088,ok
RUYNUXHHUVUINQ-UHFFFAOYSA-N,CC1=C(C=CO1)S,13.0,-0.6943113524826163,ok
SATCULPHIDQDRE-UHFFFAOYSA-N,C1OC2=C(O1)C=C(C=C2)C=O,17.0,27.942152772539696,ok
SHZIWNPUGXLXDT-UHFFFAOYSA-N,CCCCCC(=O)OCC,26.0,-12.265049474097701,ok
SRUTWBWLFKSTIS-UHFFFAOYSA-N,CC1=C(C=CO1)SSC,17.0,-3.3245600696591024,ok
TZMFJUDUGYTVRY-UHFFFAOYSA-N,CCC(=O)C(=O)C,15.0,23.409720813944055,ok
UAHWPYUMFXYFJY-UHFFFAOYSA-N,CC(=CCCC(=C)C=C)C,26.0,22.500118077066897,ok
UUIQMZJEGPQKFD-UHFFFAOYSA-N,CCCC(=O)OC,17.0,-10.415538978553286,ok
UXFSPRAGHGMRSQ-UHFFFAOYSA-N,CC(C)CC1=NC=CN=C1OC,26.0,58.56408613728168,ok
VKCYHJWLYTUGCC-UHFFFAOYSA-N,CCCCCCCC(=O)C,28.0,1.030020509456798,ok
VTAPYUYITKYXJB-UHFFFAOYSA-N,CC(C)(CCOC=O)S,21.0,3.9989677028408073,ok
VVGOCOMZRGWHPI-ARJAWSKDSA-N,CC/C=C\CCC=O,20.0,4.530200931535762,ok
VWYBQOFZVSNDAW-WAYWQWQTSA-N,CC/C=C\CC(=O)C=C,21.0,36.45527492807628,ok
WDAXFOBOLVPGLV-UHFFFAOYSA-N,CCOC(=O)C(C)C,20.0,-7.950990316720567,ok
WJSDHUCWMSHDCR-VMPITWQZSA-N,CC(=O)OC/C=C/C1=CC=CC=C1,25.0,4.507477226672369,ok
WKSXRWSOSLGSTN-UHFFFAOYSA-N,COC1=NC=CN=C1,14.0,52.26745157913354,ok
WNVCMFHPRIBNCW-YUMQZZPRSA-N,CCCC[C@H]1[C@H](CC(=O)O1)C,27.0,-2.396715416506122,ok
WQOXQRCZOLPYPM-UHFFFAOYSA-N,CSSC,10.0,-0.5416157649331765,ok
WRMNZCZEMHIOCP-UHFFFAOYSA-N,C1=CC=C(C=C1)CCO,19.0,29.642960385323168,ok
WTWBUQJHJGUZCY-UHFFFAOYSA-N,CC(C)C1=CC=C(C=C1)C=O,23.0,37.66900332802703,ok
WWZKQHOCKIZLMA-UHFFFAOYSA-N,CCCCCCCC(=O)O,26.0,-28.11579738864559,ok
XBDQKXXYIPTUBI-UHFFFAOYSA-N,CCC(=O)O,11.0,-27.836414849883955,ok
XEKOWRVHYACXOJ-UHFFFAOYSA-N,CCOC(=O)C,14.0,-10.657760766911656,ok
XMIIGOLPHOKFCH-UHFFFAOYSA-N,C1=CC=C(C=C1)CCC(=O)O,21.0,-10.7883248577604,ok
XPCTZQVDEJYUGT-UHFFFAOYSA-N,CC1=C(C(=O)C=CO1)O,15.0,22.900395339503756,ok
XVHGKKGBUDMTIQ-UHFFFAOYSA-N,CC(C)(CCOC)S,22.0,18.80836734458535,ok
YGHRJJRRZDOVPD-UHFFFAOYSA-N,CC(C)CC=O,16.0,3.4735479076848357,ok
YOMSJEATGXXYPX-UHFFFAOYSA-N,COC1=C(C=CC(=C1)C=C)O,21.0,23.03867765982221,ok
YSNWHRKJEKWJNY-UHFFFAOYSA-N,CCOC(=O)CCSC,21.0,-11.675658707024123,ok
YWHLKYXPLRWGSE-UHFFFAOYSA-N,CSSSC,11.0,-16.031294797921223,ok
YYZUSRORWSJGET-UHFFFAOYSA-N,CCCCCCCC(=O)OCC,32.0,-8.523624153735298,ok
ZBYPSGBBPAPHDG-UHFFFAOYSA-N,CC(C)CC1=C(C=CC=N1)OC,27.0,40.0790623292162,ok
ZFFTZDQKIXPDAF-UHFFFAOYSA-N,C1=COC(=C1)CS,13.0,8.168920824292904,ok
ZFMSMUAANRJZFM-UHFFFAOYSA-N,COC1=CC=C(C=C1)CC=C,23.0,34.86482055516122,ok
ZFRKQXVRDFCRJG-UHFFFAOYSA-N,CC1=CNC2=CC=CC=C12,19.0,16.07028484696658,ok
ZHHYXNZJDGDGPJ-BSWSSELBSA-N,CCCC/C=C/C=C/C=O,24.0,4.181941508500525,ok
ZMRFRBHYXOQLDK-UHFFFAOYSA-N,C1=CC=C(C=C1)CCS,19.0,26.322497300444695,ok
ZOYASYRPGHCQHW-UHFFFAOYSA-N,CCCSSSC,17.0,-17.917599185549424,ok
ZSIAUFGUXNUGDI-UHFFFAOYSA-N,CCCCCCO,21.0,-1.0519829186998102,ok
ZYGHJZDHTFUPRJ-UHFFFAOYSA-N,C1=CC=C2C(=C1)C=CC(=O)O2,17.0,33.797866547990665,ok
MSTDXOZUKAQDRL-UHFFFAOYSA-N,C1COC2=CC=CC=C2C1=O,19.0,25.568351949003784,ok
FBUKVWPVBMHYJY-UHFFFAOYSA-N,CCCCCCCCC(=O)O,29.0,-26.706140424844605,ok
MNWFXJYAOYHMED-UHFFFAOYSA-N,CCCCCCC(=O)O,23.0,-27.909220190167403,ok
NTWSIWWJPQHFTO-AATRIKPKSA-N,CCC/C(=C/C(=O)O)/C,21.0,-18.264684979716467,ok
WLJVXDMOQOGPHL-UHFFFAOYSA-N,C1=CC=C(C=C1)CC(=O)O,18.0,14.028182735866668,ok
WPYMKLBDIGXBTP-UHFFFAOYSA-N,C1=CC=C(C=C1)C(=O)O,15.0,11.452589197401437,ok
ZDPHROOEEOARMN-UHFFFAOYSA-N,CCCCCCCCCCC(=O)O,35.0,-27.7829809451909,ok
CCRCUPLGCSFEDV-BQYQJAHWSA-N,COC(=O)/C=C/C1=CC=CC=C1,22.0,11.26259790876793,ok
CHWNEIVBYREQRF-UHFFFAOYSA-N,CCC1=CC(=C(C=C1)O)OC,23.0,20.963547820509458,ok
GRWFGVWFFZKLTI-IUCAKERBSA-N,CC1=CC[C@H]2C[C@@H]1C2(C)C,26.0,36.80647562835466,ok
GRWFGVWFFZKLTI-RKDXNWHRSA-N,CC1=CC[C@@H]2C[C@H]1C2(C)C,26.0,36.80647564321868,ok
GTDQGKWDWVUKTI-UHFFFAOYSA-N,CC(=O)C1=CC=CC=C1N,19.0,45.13937905935361,ok
IKHGUXGNUITLKF-UHFFFAOYSA-N,CC=O,7.0,-0.13788728406431972,ok
NGSWKAQJJWESNS-ZZXKWVIFSA-N,C1=CC(=CC=C1/C=C/C(=O)O)O,20.0,-22.452878754117336,ok
QRNZMFDCKKEPSX-UHFFFAOYSA-N,CC(=O)CC(C)(C)S,20.0,14.875830449311513,ok
WTARULDDTDQWMU-IUCAKERBSA-N,CC1([C@H]2CCC(=C)[C@@H]1C2)C,26.0,39.822344487891314,ok
WTARULDDTDQWMU-RKDXNWHRSA-N,CC1([C@@H]2CCC(=C)[C@H]1C2)C,26.0,39.82234458348765,ok
WUOACPNHFRMFPN-SECBINFHSA-N,CC1=CC[C@H](CC1)C(C)(C)O,29.0,21.624123858673173,ok
XMGQYMWWDOXHJM-JTQLQIEISA-N,CC1=CC[C@@H](CC1)C(=C)C,26.0,25.98049022425944,ok
XMGQYMWWDOXHJM-SNVBAGLBSA-N,CC1=CC[C@H](CC1)C(=C)C,26.0,23.84683166115779,ok
ZHHYXNZJDGDGPJ-IGTJQSIKSA-N,CCCC/C=C\C=C\C=O,24.0,5.687776459119887,ok
ZWRUINPWMLAQRD-UHFFFAOYSA-N,CCCCCCCCCO,30.0,-1.7295670358824484,ok
ZXEKIIBDNHEJCQ-UHFFFAOYSA-N,CC(C)CO,15.0,2.8559231493277255,ok
ABRIMXGLNHCLIP-VURMDHGXSA-N,C1CCCCCC(=O)CCC/C=C\CCCC1,45.0,17.56996472384914,ok
GJJSUPSPZIZYPM-UHFFFAOYSA-N,C1CCCCCC(=O)OCCOC(=O)CCCC1,42.0,-2.6868779189919145,ok
IKTHMQYJOWTSJO-UHFFFAOYSA-N,CC(=O)C1=C2CCC(C2=CC(=C1)C(C)(C)C)(C)C,42.0,73.7524764608649,ok
JIYIHILAGIZIMD-UHFFFAOYSA-N,C1CCCCCC(=O)CCC=CCCCC1,42.0,13.779766988444734,ok
KHLFMZDGADSQGR-ACCUITESSA-N,C1CCCCCCOC(=O)/C=C/CCCCC1,43.0,9.843652586010364,ok
LOKPJYNMYCVCRM-UHFFFAOYSA-N,C1CCCCCCCC(=O)OCCCCCCC1,48.0,5.251112543818046,ok
MKEIDVFLAWJKMY-UHFFFAOYSA-N,C1CCCCC(=O)OCCCCCOCCCC1,46.0,4.297583692425764,ok
MRMOPGVGWFNHIN-UHFFFAOYSA-N,C1CCCCCOCCCCOC(=O)CCCC1,46.0,3.698243481533434,ok
MZLRFHKWWCSGHB-UHFFFAOYSA-N,C1CCCCOCCCCCCOC(=O)CCC1,46.0,15.187628202175146,ok
NUSRNVWNTPMBJA-VURMDHGXSA-N,CC1CCOC(=O)CCCCCCC/C=C\C1,43.0,14.896481611596794,ok
OHHWFLWQMHUVFQ-YNZJMPHRSA-N,C[C@H]1CC(C2=C(C1(C)C)C[C@@]3([C@H](C2)O3)C)(C)C,43.0,66.23196625418713,ok
OSOIQJGOYGSIMF-UHFFFAOYSA-N,C1CCCCCCCC(=O)CCCCCC1,44.0,14.31262248001309,ok
QILMAYXCYBTEDM-IWQZZHSRSA-N,C1CCC/C=C\CCCCCCOC(=O)CCC1,46.0,5.896289041161509,ok
SUAUILGSCPYJCS-UHFFFAOYSA-N,CC1=C(C=C(C(=C1[N+](=O)[O-])OC)C(C)(C)C)[N+](=O)[O-],35.0,111.15745655283351,ok
UHWURQRPEIFIAK-UHFFFAOYSA-N,CC1=C(C=C2C(=C1[N+](=O)[O-])C(CC2(C)C)(C)C)[N+](=O)[O-],38.0,114.43314937947295,ok
ZGEHHVDYDNXYMW-OWOJBTEDSA-N,C1CCC/C=C/CCCCCCC(=O)CCC1,45.0,22.269680983750312,ok
ZGXVZQZFVYSUDU-ULYHCOEVSA-N,CC(=C)C(=O)O[C@H]1C[C@]23[C@H](O2)CC/C(=C/[C@@H]4[C@@H]1C(=C)C(=O)O4)/CO[C@H]3O,48.0,43.92021402346194,ok
ZKVZSBSZTMPBQR-UPHRSURJSA-N,C1CCC/C=C\CCCCCCCC(=O)CCC1,48.0,20.634426019548684,ok
ZYIJXTQXQNXPSH-FMIVXFBMSA-N,CC(C)/C=C(\C)/C(C)OC(C)(C)COC(=O)C1CC1,47.0,50.981289254756824,ok
ACZGCWSMSTYWDQ-UHFFFAOYSA-N,C1C2=CC=CC=C2OC1=O,16.0,27.692529139947105,ok
AMQJEAYHLZJPGS-UHFFFAOYSA-N,CCCCCO,18.0,-2.04591715981741,ok
BBMCTIGTTCKYKF-UHFFFAOYSA-N,CCCCCCCO,24.0,0.303202718298774,ok
DSSYKIVIOFKYAU-OIBJUYFYSA-N,C[C@]12CC[C@H](C1(C)C)CC2=O,27.0,45.55602325083048,ok
DSSYKIVIOFKYAU-XCBNKYQSSA-N,C[C@@]12CC[C@@H](C1(C)C)CC2=O,27.0,45.55602334039092,ok
FXHGMKSSBGDXIY-UHFFFAOYSA-N,CCCCCCC=O,22.0,-1.3631293976423224,ok
HJWLCRVIBGQPNF-UHFFFAOYSA-N,C=CCC1=CC=CC=C1,19.0,30.652299105841344,ok
IPBVNPXQWQGGJP-UHFFFAOYSA-N,CC(=O)OC1=CC=CC=C1,18.0,24.92510128591634,ok
KBPLFHHGFOOTCA-UHFFFAOYSA-N,CCCCCCCCO,27.0,-0.17503443497212245,ok
KVFQMAZOBTXCAZ-UHFFFAOYSA-N,CCC(=O)C(=O)CC,18.0,20.79347454515678,ok
KZCOBXFFBQJQHH-UHFFFAOYSA-N,CCCCCCCCS,27.0,0.3444839200099352,ok
LHXDLQBQYFFVNW-XCBNKYQSSA-N,C[C@]12CC[C@H](C1)C(C2=O)(C)C,27.0,40.82222028871429,ok
MWKFXSUHUHTGQN-UHFFFAOYSA-N,CCCCCCCCCCO,33.0,-0.04502450166436667,ok
MWVFCEVNXHTDNF-UHFFFAOYSA-N,CCCC(=O)C(=O)C,18.0,21.880115229091018,ok
NGAZZOYFWWSOGK-UHFFFAOYSA-N,CCCCC(=O)CC,22.0,-1.1059426159763568,ok
NMJJFJNHVMGPGM-UHFFFAOYSA-N,CCCCOC=O,17.0,-10.419415940360834,ok
OFJWFSNDPCAWDK-SECBINFHSA-N,CC[C@H](C1=CC=CC=C1)C(=O)O,24.0,17.34874369474322,ok
OFJWFSNDPCAWDK-VIFPVBQESA-N,CC[C@@H](C1=CC=CC=C1)C(=O)O,24.0,18.383320443342214,ok
QMVPMAAFGQKVCJ-JTQLQIEISA-N,C[C@@H](CCC=C(C)C)CCO,31.0,17.352882467170595,ok
QQZOPKMRPOGIEB-UHFFFAOYSA-N,CCCCC(=O)C,19.0,0.0023964508497584802,ok
QUKGYYKBILRGFE-UHFFFAOYSA-N,CC(=O)OCC1=CC=CC=C1,21.0,8.979858933970458,ok
RHLVCLIPMVJYKS-UHFFFAOYSA-N,CCCCCC(=O)CC,25.0,0.30041499254209025,ok
RWCCWEUUXYIKHB-UHFFFAOYSA-N,C1=CC=C(C=C1)C(=O)C2=CC=CC=C2,24.0,70.37662799585108,ok
SJWKGDGUQTWDRV-UHFFFAOYSA-N,CCCCCCC(=O)OCC=C,30.0,-9.157935725450223,ok
UHOVQNZJYSORNB-UHFFFAOYSA-N,C1=CC=CC=C1,12.0,16.226966839679505,ok
VXIXUWQIVKSKSA-UHFFFAOYSA-N,C1=CC=C2C(=C1)C(=CC(=O)O2)O,18.0,28.63867032761316,ok
WKOLLVMJNQIZCI-UHFFFAOYSA-N,COC1=C(C=CC(=C1)C(=O)O)O,20.0,7.490900316102731,ok
WRFZKAGPPQGDDQ-UHFFFAOYSA-N,CCCCCC(=O)OCCCCC,35.0,-13.85350894394887,ok
XNLICIUVMPYHGG-UHFFFAOYSA-N,CCCC(=O)C,16.0,0.30037320952927793,ok
XXIKYCPRDXIMQM-UHFFFAOYSA-N,CC(=CCOC(=O)C)C,21.0,-7.070624219593814,ok
YCIXWYOBMVNGTB-UHFFFAOYSA-N,CCCCCC1=C(CCC1=O)C,30.0,2.4790153096056162,ok
ZPVFWPFBNIEHGJ-UHFFFAOYSA-N,CCCCCCC(=O)C,25.0,0.587436422924295,ok
ZVEZMVFBMOOHAT-UHFFFAOYSA-N,CCCCCCCCCS,30.0,0.07526848757940563,ok
CHLICZRVGGXEOD-UHFFFAOYSA-N,CC1=CC=C(C=C1)OC,19.0,22.582831671336898,ok
CRIGTVCBMUKRSL-FNORWQNLSA-N,C/C=C/C(=O)C1C(=CCCC1(C)C)C,34.0,55.03745079025418,ok
FQTLCLSUCSAZDY-SDNWHVSQSA-N,CC(=CCC/C(=C/CCC(C)(C=C)O)/C)C,42.0,34.30569736786525,ok
HGDVHRITTGWMJK-UHFFFAOYSA-N,CC(C)CCCC(C)(C)O,30.0,14.129141665076226,ok
HUMNYLRZRPPJDN-UHFFFAOYSA-N,C1=CC=C(C=C1)C=O,14.0,31.14378348493181,ok
KJPRLNWUNMBNBZ-QPJJXVBHSA-N,C1=CC=C(C=C1)/C=C/C=O,18.0,23.32893824460976,ok
RECUKUPTGUEGMW-UHFFFAOYSA-N,CC1=C(C=C(C=C1)C(C)C)O,25.0,16.017887718536336,ok
VPKMGDRERYMTJX-CMDGGOBGSA-N,CCC(=O)/C=C/C1C(=CCCC1(C)C)C,37.0,33.53672947935272,ok
VSBHYRPUJHEOBE-UHFFFAOYSA-N,CC1=C(C(=O)C=CO1)OC(=O)C(C)C,26.0,21.485445513960585,ok
WSTQLNQRVZNEDV-CSKARUKUSA-N,CCCCCC(/C(=C/CC)/C)O,34.0,2.8629737757174034,ok
WVDDGKGOMKODPV-UHFFFAOYSA-N,C1=CC=C(C=C1)CO,16.0,18.3264731904969,ok
XCWPXUNHSPOFGV-UHFFFAOYSA-N,CC(C)CCOCC(=O)OCC=C,31.0,34.525474947527165,ok
AKGGYBADQZYZPD-UHFFFAOYSA-N,CC(=O)CCC1=CC=CC=C1,23.0,19.139127810053495,ok
BLRHMMGNCXNXJL-UHFFFAOYSA-N,CN1C=CC2=CC=CC=C21,19.0,18.62723036352879,ok
BYCHQEILESTMQU-FMIVXFBMSA-N,CCC(=O)OC/C=C(\C)/CCC=C(C)C,37.0,8.190990076013863,ok
DPVYDTACPLLHCF-UHFFFAOYSA-N,CC(C)(C)C(=O)OCCC1=CC=CC=C1,33.0,26.72342486646787,ok
DSOXXQLCMAEPEZ-ODYTWBPASA-N,CC/C=C\CC/C=C/C#N,23.0,20.189841388055527,ok
DUNCVNHORHNONW-UHFFFAOYSA-N,CC(C)(CCCC(=C)C=C)O,29.0,21.14566423873592,ok
FHUODBDRWMIBQP-UHFFFAOYSA-N,CCOC(=O)C1=CC=C(C=C1)OC,25.0,31.458083176213805,ok
FINOPSACFXSAKB-UHFFFAOYSA-N,C1=CC=C(C=C1)CCCCC=O,26.0,22.176070381149053,ok
FMPXLXBVYDFXIC-UHFFFAOYSA-N,CC(C)OCCC1=CC=CC=C1,28.0,34.84629265288507,ok
FQMZVFJYMPNUCT-YRNVUSSQSA-N,CC(=CCC/C(=C/COC=O)/C)C,31.0,11.051105356507376,ok
FTXUQEKXCJSWMO-UHFFFAOYSA-N,C1CCCCOC(=O)CCC1,27.0,34.81986010490678,ok
GVONPEQEUQYVNH-SNAWJCMRSA-N,CC/C=C/CC1=C(C(=O)CC1)C,28.0,7.75358339823345,ok
HFNGYHHRRMSKEU-UHFFFAOYSA-N,CC(=O)OCC1=CC=C(C=C1)OC,25.0,13.353407813404985,ok
HIGQPQRQIQDZMP-FLIBITNWSA-N,CC(=CCC/C(=C\COC(=O)C)/C)C,34.0,14.712214619388261,ok
JFTSYAALCNQOKO-UHFFFAOYSA-N,CCC1=CC=C(C=C1)CC(C)(C)C=O,32.0,30.50310215069114,ok
JIMGVOCOYZFDKB-UHFFFAOYSA-N,CC(C)CC(=O)OCCC1=CC=CC=C1,33.0,19.05263072969322,ok
KGWPHCDTOLQQEP-UHFFFAOYSA-N,CC1=C2C(=CC=C1)C=CN2,19.0,17.531377863150308,ok
KRLBLPBPZSSIGH-CSKARUKUSA-N,CC/C(=C/CCC(C)(C=C)O)/C,32.0,16.39398504170654,ok
KZZASWGRLOTITL-UHFFFAOYSA-N,CC(C)(CCC1CCCCC1)O,34.0,16.548372609000545,ok
LLYJRIQMURUPPF-XQRVVYSFSA-N,CCC(C1CCCC/C=C\C1)O,32.0,32.310460634396534,ok
MJTPMXWJHPOWGH-UHFFFAOYSA-N,CC(C)C(=O)OCCOC1=CC=CC=C1,31.0,23.84521454770968,ok
MNRZECIRFMLTEY-UHFFFAOYSA-N,CC(C)(C)C1=CC=C(C=C1)OCC=O,30.0,55.42428572437919,ok
NEHNMFOYXAPHSD-JTQLQIEISA-N,C[C@@H](CCC=C(C)C)CC=O,29.0,15.160447768817402,ok
NHFRGTVSKOPUBK-UHFFFAOYSA-N,C1=CC=C(C=C1)CCCC=O,23.0,18.94117496054278,ok
NTPLXRHDUXRPNE-UHFFFAOYSA-N,CC(=O)C1=CC=C(C=C1)OC,21.0,38.440453639387144,ok
PRNJXUQTUSFYLV-NTCAYCPXSA-N,CC(=CCC/C(=C/CCC(C)(C=C)OC(=O)C)/C)C,47.0,30.767732878987466,ok
QGFSQVPRCWJZQK-UHFFFAOYSA-N,C=CCCCCCCCCO,31.0,8.554549000759687,ok
QQLIGMASAVJVON-UHFFFAOYSA-N,CC(=O)C1=CC=CC2=CC=CC=C21,23.0,54.06003408153701,ok
RPLWLQJSZFPHGM-NSCUHMNNSA-N,C/C=C/CCCCCCCC#N,31.0,8.02155011940929,ok
RWGFKTVRMDUZSP-UHFFFAOYSA-N,CC(C)C1=CC=CC=C1,21.0,22.95295875099872,ok
TWXUTZNBHUWMKJ-UHFFFAOYSA-N,C=CCOC(=O)CCC1CCCCC1,34.0,2.6063301777809356,ok
UHEPJGULSIKKTP-UHFFFAOYSA-N,CC(=CCCC(=O)C)C,23.0,9.907751456115559,ok
UIKJRDSCEYGECG-UHFFFAOYSA-N,CC(C)C(=O)OCC1=CC=CC=C1,27.0,11.040548406727227,ok
VDHRTASWKDTLER-ARJAWSKDSA-N,CC/C=C\CCCCO,25.0,6.905799420784317,ok
VHOMAPWVLKRQAZ-UHFFFAOYSA-N,CCC(=O)OCC1=CC=CC=C1,24.0,7.615197165708258,ok
VONGZNXBKCOUHB-UHFFFAOYSA-N,CCCC(=O)OCC1=CC=CC=C1,27.0,7.79146276859071,ok
VXCUURYYWGCLIH-UHFFFAOYSA-N,CCCCCCCCCCCC#N,36.0,-0.28764139180967163,ok
WPPOGHDFAVQKLN-UHFFFAOYSA-N,CCCCCCCCN1CCCC1=O,37.0,-18.311881789677578,ok
WXPWPYISTQCNDP-UHFFFAOYSA-N,C=CCCCCCCO,25.0,9.707637907547635,ok
XJHRZBIBSSVCEL-ARJAWSKDSA-N,CC/C=C\CCCCCO,28.0,6.601045453725105,ok
YGCZTXZTJXYWCO-UHFFFAOYSA-N,C1=CC=C(C=C1)CCC=O,20.0,16.099065307758757,ok
YNBADRVTZLEFNH-UHFFFAOYSA-N,COC(=O)C1=CN=CC=C1,17.0,25.91147847309228,ok
YPKBCLZFIYBSHK-UHFFFAOYSA-N,CC1=CC2=C(C=C1)NC=C2,19.0,17.30923803180479,ok
YXVSKJDFNJFXAJ-UHFFFAOYSA-N,CC(C)(CCC1=CC=CC=C1)O,28.0,29.68025977178904,ok
ZSBOMYJPSRFZAL-JLHYYAGUSA-N,CCCC(=O)OC/C=C(\C)/CCC=C(C)C,40.0,8.396098126849717,ok
ZSKAJFSSXURRGL-PKNBQFBNSA-N,CC(=CCC/C(=C/C(OC)OC)/C)C,36.0,10.578329976907739,ok
ZWKNLRXFUTWSOY-QPJJXVBHSA-N,C1=CC=C(C=C1)/C=C/C#N,17.0,20.561991630646432,ok
AQIXEPGDORPWBJ-UHFFFAOYSA-N,CCC(CC)O,18.0,1.0858722691526586,ok
BDERNNFJNOPAEC-UHFFFAOYSA-N,CCCO,12.0,-1.4046236514203843,ok
CRDAMVZIKSXKFV-YFVJMOTDSA-N,CC(=CCC/C(=C/CC/C(=C/CO)/C)/C)C,42.0,33.238724004885654,ok
DRLFMBDRBRZALE-UHFFFAOYSA-N,CC(=O)NCCC1=CNC2=C1C=C(C=C2)OC,33.0,4.585563217790707,ok
FJPGAMCQJNLTJC-UHFFFAOYSA-N,CCCCC(=O)C(=O)C,21.0,21.75590105744515,ok
FLIACVVOZYBSBS-UHFFFAOYSA-N,CCCCCCCCCCCCCCCC(=O)OC,53.0,-8.4450304502997,ok
FYGHSUNMUKGBRK-UHFFFAOYSA-N,CC1=C(C(=CC=C1)C)C,21.0,26.572784420364847,ok
GLZPCOQZEFWAFX-YFHOEESVSA-N,CC(=CCC/C(=C\CO)/C)C,29.0,15.32662083220074,ok
HFPZCAJZSCWRBC-UHFFFAOYSA-N,CC1=CC=C(C=C1)C(C)C,24.0,25.13277441186674,ok
HPEUJPJOZXNMSJ-UHFFFAOYSA-N,CCCCCCCCCCCCCCCCCC(=O)OC,59.0,0.5599821071785378,ok
IPCSVZSSVZVIGE-UHFFFAOYSA-N,CCCCCCCCCCCCCCCC(=O)O,50.0,-24.216783557485314,ok
IVSZLXZYQVIEFR-UHFFFAOYSA-N,CC1=CC(=CC=C1)C,18.0,20.615795771281036,ok
JGHZJRVDZXSNKQ-UHFFFAOYSA-N,CCCCCCCC(=O)OC,29.0,-9.648370279065285,ok
LQZZUXJYWNFBMV-UHFFFAOYSA-N,CCCCCCCCCCCCO,39.0,0.26582225218041167,ok
MMKRHZKQPFCLLS-UHFFFAOYSA-N,CCCCCCCCCCCCCC(=O)OCC,50.0,-8.000505887982378,ok
MMXKVMNBHPAILY-UHFFFAOYSA-N,CCCCCCCCCCCC(=O)OCC,44.0,-10.540347919351627,ok
MVLVMROFTAUDAG-UHFFFAOYSA-N,CCCCCCCCCCCCCCCCCC(=O)OCC,62.0,-4.123423692878511,ok
PFCHFHIRKBAQGU-UHFFFAOYSA-N,CCCC(=O)CC,19.0,-0.20754964347768823,ok
POULHZVOKOAJMA-UHFFFAOYSA-N,CCCCCCCCCCCC(=O)O,38.0,-28.00112336381966,ok
QIQXTHQIDYTFRH-UHFFFAOYSA-N,CCCCCCCCCCCCCCCCCC(=O)O,56.0,-24.961857210124748,ok
TUNFSRHWOTWDNC-UHFFFAOYSA-N,CCCCCCCCCCCCCC(=O)O,44.0,-23.381937490793447,ok
UQDUPQYQJKYHQI-UHFFFAOYSA-N,CCCCCCCCCCCC(=O)OC,41.0,-9.283689680354994,ok
WQEPLUUGTLDZJY-UHFFFAOYSA-N,CCCCCCCCCCCCCCC(=O)O,47.0,-25.993072124134464,ok
XIRNKXNNONJFQO-UHFFFAOYSA-N,CCCCCCCCCCCCCCCC(=O)OCC,56.0,-7.064107098353315,ok
YRHYCMZPEVDGFQ-UHFFFAOYSA-N,CCCCCCCCCC(=O)OC,35.0,-10.050708013114221,ok
ZAZKJZBWRNNLDS-UHFFFAOYSA-N,CCCCCCCCCCCCCC(=O)OC,47.0,-8.401288618065358,ok
CBJPZHSWLMJQRI-UHFFFAOYSA-N,C1=COC(=C1)CSSCC2=CC=CO2,24.0,23.690095216716042,ok
CWERGRDVMFNCDR-UHFFFAOYSA-N,C(C(=O)O)S,9.0,0.18778788416559733,ok
YTZKOQUCBOVLHL-UHFFFAOYSA-N,CC(C)(C)C1=CC=CC=C1,24.0,34.48459715883794,ok
CLSLQQCDHOZMDT-UHFFFAOYSA-N,CSSCC1=CC=CO1,17.0,12.145487657577004,ok
GJYXGIIWJFZCLN-UHFFFAOYSA-N,CCCCC(=O)CC(=O)C,24.0,-8.37612544315241,ok
GSOHKPVFCOWKPU-UHFFFAOYSA-N,CC(C(=O)C)C(=O)C,18.0,-4.6612054124210776,ok
GUMOJENFFHZAFP-UHFFFAOYSA-N,CCOC1=CC2=CC=CC=C2C=C1,25.0,31.280917043188406,ok
HYBBIBNJHNGZAN-UHFFFAOYSA-N,C1=COC(=C1)C=O,11.0,18.182824292160845,ok
IGMOYJSFRIASIE-UHFFFAOYSA-N,CC(C)CC(=O)CC(=O)C,24.0,-4.449293126881884,ok
KFBXUKHERGLHLG-UHFFFAOYSA-N,CCCCCC(=O)CC(=O)C,27.0,-9.571774020647823,ok
NWYGPVZOBBHKLI-UHFFFAOYSA-N,CSSCC1=CC=CC=C1,20.0,26.49192744070408,ok
OFQPKKGMNWASPN-UHFFFAOYSA-N,CSCC1=CC=CC=C1,19.0,24.238654441466913,ok
RAPXVKLHABTPOM-UHFFFAOYSA-N,C=CC1=CC=C(C=C1)OCCCCOC2=CC=C(C=C2)C=C,44.0,51.45158920933436,ok
SKSFHXVDHVKIBN-UHFFFAOYSA-N,CSCC1=CC=CO1,16.0,9.485957385761903,ok
UENWRTRMUIOCKN-UHFFFAOYSA-N,C1=CC=C(C=C1)CS,16.0,21.753128634405016,ok
UYLKDZXJEKFFHJ-UHFFFAOYSA-N,C1=COC(=C1)CSCC2=CC=CO2,23.0,13.206666410567484,ok
VAJVDSVGBWFCLW-UHFFFAOYSA-N,C1=CC=C(C=C1)CCCO,22.0,19.309826594968797,ok
XPFVYQJUAUNWIW-UHFFFAOYSA-N,C1=COC(=C1)CO,13.0,5.420873004091626,ok
AMXYRHBJZOVHOL-DYWGDJMRSA-N,CC/C=C/CC/C=C/CO,26.0,9.261845907644176,ok
BYEVBITUADOIGY-UHFFFAOYSA-N,CCCCCCCCC(=O)OCC,35.0,-10.499445745108714,ok
FZWLAAWBMGSTSO-UHFFFAOYSA-N,C1=CSC=N1,8.0,5.087388499929683,ok
GRLJIIJNZJVMGP-UHFFFAOYSA-N,CCCC(=O)SC,17.0,-8.411688978135478,ok
HFJRKMMYBMWEAD-UHFFFAOYSA-N,CCCCCCCCCCCC=O,37.0,-0.5699457337611449,ok
HLCSDJLATUNSSI-JXMROGBWSA-N,CC(=CCC/C(=C/C#N)/C)C,26.0,25.283242411938524,ok
IJXHLVMUNBOGRR-UHFFFAOYSA-N,CCCCCCCCC(=O)OC,32.0,-9.155628326179798,ok
IOJUPLGTWVMSFF-UHFFFAOYSA-N,C1=CC=C2C(=C1)N=CS2,14.0,19.054799759070352,ok
IYTXKIXETAELAV-UHFFFAOYSA-N,CCCCCCC(=O)CC,28.0,-0.0685513029116418,ok
JUJWROOIHBZHMG-UHFFFAOYSA-N,C1=CC=NC=C1,11.0,15.523431082541489,ok
LSKONYYRONEBKA-UHFFFAOYSA-N,CCCCCCCCCCC(=O)C,37.0,0.7552936287475873,ok
MGSRCZKZVOBKFT-UHFFFAOYSA-N,CC1=CC(=C(C=C1)C(C)C)O,25.0,17.22489835043376,ok
NFLGAXVYCFJBMK-BDAKNGLRSA-N,C[C@@H]1CC[C@H](C(=O)C1)C(C)C,29.0,19.149618484356623,ok
NUKZAGXMHTUAFE-UHFFFAOYSA-N,CCCCCC(=O)OC,23.0,-10.811708797356342,ok
RDOXTESZEPMUJZ-UHFFFAOYSA-N,COC1=CC=CC=C1,16.0,20.501137450947674,ok
SIKJAQJRHWYJAI-UHFFFAOYSA-N,C1=CC=C2C(=C1)C=CN2,16.0,15.111870111755414,ok
SMWDFEZZVXVKRB-UHFFFAOYSA-N,C1=CC=C2C(=C1)C=CC=N2,17.0,33.893650058925054,ok
TVQGDYNRXLTQAP-UHFFFAOYSA-N,CCCCCCC(=O)OCC,29.0,-11.727094518457008,ok
TZJLGGWGVLADDN-UHFFFAOYSA-N,CC(=O)CCC1=CC2=C(C=C1)OCO2,26.0,20.941572319612664,ok
WBYWAXJHAXSJNI-VOTSOKGWSA-N,C1=CC=C(C=C1)/C=C/C(=O)O,19.0,-11.632218788407695,ok
XNCNNDVCAUWAIT-UHFFFAOYSA-N,CCCCCCC(=O)OC,26.0,-10.40470110422642,ok
XUPYJHCZDLZNFP-UHFFFAOYSA-N,CCCCOC(=O)CCC,26.0,-12.475037603923298,ok
XWEOGMYZFCHQNT-UHFFFAOYSA-N,CCOC(=O)CC1(OCCO1)C,26.0,-4.150134803786022,ok
ZAJNGDIORYACQU-UHFFFAOYSA-N,CCCCCCCCC(=O)C,31.0,1.8142870172883585,ok
ZALVGSSYVAPZDA-UHFFFAOYSA-N,CCCCCCCCC(OC(=O)C)OC(=O)C,41.0,-41.879971724626955,ok
ZMQAAUBTXCXRIC-UHFFFAOYSA-N,C=CCC1=CC2=C(C=C1)OCO2,22.0,31.64434486366661,ok
CFNJLPHOBMVMNS-UHFFFAOYSA-N,CCCCCOC(=O)CCC,29.0,-12.324998485162258,ok
BDJRBEYXGGNYIS-UHFFFAOYSA-N,C(CCCC(=O)O)CCCC(=O)O,29.0,-48.303578444276404,ok
GTNCESCYZPMXCJ-UHFFFAOYSA-N,CCC(=O)OCCCC1=CC=CC=C1,30.0,7.0900522184824535,ok
QPULDJYQYDGZEI-WAYWQWQTSA-N,CCCC/C=C\CCC=O,26.0,4.065863843431419,ok
YBBNUDDZOWRHOD-WAYWQWQTSA-N,CCCC/C=C\CCCCC=O,32.0,7.421078765253238,ok
NNWHUJCUHAELCL-SNAWJCMRSA-N,C/C=C/C1=CC(=C(C=C1)OC)OC,27.0,42.99512134557563,ok
CWRKZMLUDFBPAO-VOTSOKGWSA-N,CCCCC/C=C/CCC=O,29.0,4.3055651629452285,ok
CXENHBSYCFFKJS-VDQVFBMKSA-N,CC(=CCC/C(=C/C/C=C(\C)/C=C)/C)C,39.0,33.37596489195212,ok
GETQZCLCWQTVFV-UHFFFAOYSA-N,CN(C)C,13.0,7.368609006756862,ok
HZYHMHHBBBSGHB-KPDBFRNYSA-N,CC/C=C\CC/C=C\C=O,24.0,21.799893141655442,ok
KDYFGRWQOYBRFD-UHFFFAOYSA-N,C(CC(=O)O)C(=O)O,14.0,-67.28058793998552,ok
KMRMUZKLFIEVAO-IUCAKERBSA-N,CC1([C@H]2CC=C([C@@H]1C2)C=O)C,25.0,42.638694512772915,ok
KVFIJIWMDBAGDP-UHFFFAOYSA-N,CCC1=NC=CN=C1,16.0,53.285182412317205,ok
NEHNMFOYXAPHSD-SNVBAGLBSA-N,C[C@H](CCC=C(C)C)CC=O,29.0,16.169088042778927,ok
NJGBTKGETPDVIK-UHFFFAOYSA-N,CC(=O)CCC1=CC=C(C=C1)O,24.0,8.753718952984029,ok
POIARNZEYGURDG-FNORWQNLSA-N,C/C=C/C(=O)C1=C(C=CCC1(C)C)C,32.0,46.39668571475808,ok
QKTZBZWNADPFOL-BNFZFUHLSA-N,CCCCCCC/C=C/C=C/C=O,33.0,7.682234513894784,ok
QMVPMAAFGQKVCJ-SNVBAGLBSA-N,C[C@H](CCC=C(C)C)CCO,31.0,17.431472098808406,ok
RFFOTVCVTJUTAD-UHFFFAOYSA-N,CC(C)C12CCC(O1)(CC2)C,29.0,43.23365420247007,ok
RWRDLPDLKQPQOW-UHFFFAOYSA-N,C1CCNC1,14.0,0.21092147168405573,ok
UZFFFFWQKMPLAC-ARJAWSKDSA-N,CC/C=C\CCCCCC=O,29.0,8.24384052378012,ok
UZFLPKAIBPNNCA-BQYQJAHWSA-N,CC1=CCCC(C1/C=C/C(=O)C)(C)C,34.0,35.212465006438066,ok
WLJVXDMOQOGPHL-UHFFFAOYSA-M,C1=CC=C(C=C1)CC(=O)[O-],17.0,47.410757421145604,ok
WNLRTRBMVRJNCN-UHFFFAOYSA-N,C(CCC(=O)O)CC(=O)O,20.0,-49.13160378363237,ok
WQAQPCDUOCURKW-UHFFFAOYSA-N,CCCCS,15.0,-0.3226578303774188,ok
YTHRBOFHFYZBRJ-JHJMLUEUSA-N,CC1=CC[C@H](CC1OC(=O)C)C(=C)C,32.0,11.049582928270917,ok
HUIYGGQINIVDNW-UHFFFAOYSA-N,CCCCOC(=O)C1=CC=CC=C1N,29.0,40.39372386953996,ok
ODHAQPXNQDBHSH-UHFFFAOYSA-N,C1CCC(CC1)SSC2CCCCC2,36.0,18.68547286073067,ok
PBGWNXWNCSSXCO-UHFFFAOYSA-N,CCCCCCCC(=O)OCCCCCC,44.0,-11.744519535157316,ok
PFWYHTORQZAGCA-UHFFFAOYSA-N,CC(=O)OCC1=CC2=C(C=C1)OCO2,24.0,8.9892299181614,ok
XIYPXOFSURQTTJ-NSCUHMNNSA-N,CC(=O)/C=C/C1=CC2=C(C=C1)OCO2,24.0,24.500343910868054,ok
XPDORSROGAZEGY-UHFFFAOYSA-N,COC1=CC=C(C=C1)COC=O,22.0,13.764938577366301,ok
KHQDWCKZXLWDNM-KPKJPENVSA-N,CC/C(=C\CC1CC=C(C1(C)C)C)/CO,39.0,26.945735108327703,ok
BAVONGHXFVOKBV-YHMJZVADSA-N,CC1=CC[C@H](CC1O)C(=C)C,27.0,18.97560783672442,ok
BLEMRRXGTKTJGT-UHFFFAOYSA-N,CC1=CC=CC=C1CC(=O)OC,24.0,32.520694165494774,ok
CAERSDJFKGMKLY-UHFFFAOYSA-N,CCOC(=O)CC1=CC(=CC=C1)Br,24.0,26.67776638181162,ok
DGEZNRSVGBDHLK-UHFFFAOYSA-N,C1=CC2=C(C3=C(C=CC=N3)C=C2)N=C1,22.0,89.88188874448032,ok
NFLGAXVYCFJBMK-DTWKUNHWSA-N,C[C@H]1CC[C@@H](C(=O)C1)C(C)C,29.0,15.242798164572914,ok
AEMFNILZOJDQLW-QAGGRKNESA-N,C[C@]12CCC(=O)C=C1CC[C@@H]3[C@@H]2CC[C@]4([C@H]3CCC4=O)C,47.0,67.10277423729448,ok
CCPPLLJZDQAOHD-FLIBITNWSA-N,CCCCCC1C(O1)C/C=C\CCCCCCCC(=O)O,53.0,1.023241839253974,ok
CLGFIVUFZRGQRP-UHFFFAOYSA-N,C12=C(NC(=NC1=O)N)NC(=O)N2,17.0,-131.4388083632074,ok
DEFJQIDDEAULHB-QWWZWVQMSA-N,C[C@H](C(=O)N[C@H](C)C(=O)O)N,23.0,27.541964467244142,ok
DHMQDGOQFOQNFH-UHFFFAOYSA-N,C(C(=O)O)N,10.0,20.929655882829174,ok
FKCRAVPPBFWEJD-XVFCMESISA-N,C1=C(N(C(=O)NC1=O)[C@H]2[C@@H]([C@@H]([C@H](O2)CO)O)O)C(=O)O,32.0,-44.84287808881801,ok
FONIWJIDLJEJTL-UHFFFAOYSA-N,CC(=O)NCCCCNCCCN,34.0,-26.21180365306679,ok
GUBGYTABKSRVRQ-QUYVBRFLSA-N,C([C@@H]1[C@H]([C@@H]([C@H]([C@H](O1)O[C@@H]2[C@H](O[C@H]([C@@H]([C@H]2O)O)O)CO)O)O)O)O,45.0,192.14062159113104,ok
HHDDCCUIIUWNGJ-UHFFFAOYSA-N,C(C(=O)C(=O)O)O,11.0,45.97301945190723,ok
HNJBEVLQSNELDL-UHFFFAOYSA-N,C1CC(=O)NC1,13.0,-24.264638524592755,ok
HXYVTAGFYLMHSO-UHFFFAOYSA-N,CCCCCCCCCCCCCCCC(=O)NCCO,58.0,-11.797924924422611,ok
JFLIEFSWGNOPJJ-JTQLQIEISA-N,C1=CC=C(C=C1)CC(=O)N[C@@H](CCC(=O)N)C(=O)O,35.0,-10.281487218640809,ok
JSJWCHRYRHKBBW-UHFFFAOYSA-N,C(CNC(=O)N)C(=O)O,17.0,-135.1121200731377,ok
JYWNYMJKURVPFH-UHFFFAOYSA-N,CC(=O)NCCC(=O)C1=C(C=CC(=C1)OC)NC=O,35.0,-11.253892675065195,ok
KLZGKIDSEJWEDW-UHFFFAOYSA-N,CC(=O)NCCCCN,23.0,-28.790242433650548,ok
KMYWVDDIPVNLME-KQYNXXCUSA-N,C1=NC(=C2C(=N1)N(C=N2)[C@H]3[C@H]4[C@@H]([C@H](O3)CO)OP(=O)(O4)O)N,34.0,-75.0470548865238,ok
KPGXRSRHYNQIFN-UHFFFAOYSA-N,C(CC(=O)O)C(=O)C(=O)O,16.0,-14.329439870943048,ok
LBTVHXHERHESKG-UHFFFAOYSA-N,COC1=C(C=CC(=C1)CCC(=O)CC(=O)CCC2=CC(=C(C=C2)O)OC)O,51.0,37.43027843245096,ok
MCSCIFLXNFLCDV-UHFFFAOYSA-N,CC1=CNC(=O)N1,13.0,-23.851831746958542,ok
MQTAVJHICJWXBR-UHFFFAOYSA-N,CC(=O)NCCCNCCCCN,34.0,-29.859027908890212,ok
MUMGGOZAMZWBJJ-DYKIIFRCSA-N,C[C@]12CC[C@H]3[C@H]([C@@H]1CC[C@@H]2O)CCC4=CC(=O)CC[C@]34C,49.0,71.20031330331727,ok
MUMGGOZAMZWBJJ-KZYORJDKSA-N,C[C@]12CC[C@H]3[C@H]([C@@H]1CC[C@H]2O)CCC4=CC(=O)CC[C@]34C,49.0,86.92615036290181,ok
NPAGDVCDWIYMMC-IZPLOLCNSA-N,C[C@]12CC[C@H]3[C@H]([C@@H]1CC[C@@H]2O)CCC4=CC(=O)CC[C@H]34,46.0,67.53962289370668,ok
NTYJJOPFIAHURM-UHFFFAOYSA-N,C1=C(NC=N1)CCN,17.0,11.293179861498473,ok
OTGQIQQTPXJQRG-UHFFFAOYSA-N,CCCCCCCCCCCCCCCCCC(=O)NCCO,64.0,-7.325140850035076,ok
PROQIPRRNZUXQM-ZXXIGWHRSA-N,C[C@]12CC[C@H]3[C@H]([C@@H]1C[C@H]([C@@H]2O)O)CCC4=C3C=CC(=C4)O,45.0,96.52278040847668,ok
PZDOWFGHCNHPQD-OQPGPFOOSA-N,C([C@@H]1[C@H]([C@@H]([C@H]([C@H](O1)O[C@@H](C=O)[C@H]([C@@H]([C@@H](CO)O)O)O)O)O)O)O,45.0,192.44773325912,ok
QUOGESRFPZDMMT-YFKPBYRVSA-N,C(CCN=C(N)N)C[C@@H](C(=O)O)N,29.0,-107.6788912646843,ok
QXZGBUJJYSLZLT-FDISYFBBSA-N,C1C[C@H](N(C1)C(=O)[C@@H]2CCCN2C(=O)[C@H](CCCN=C(N)N)N)C(=O)NCC(=O)N[C@@H](CC3=CC=CC=C3)C(=O)N[C@@H](CO)C(=O)N4CCC[C@H]4C(=O)N[C@@H](CC5=CC=CC=C5)C(=O)N[C@@H](CCCN=C(N)N)C(=O)O,149.0,-70.4638231436711,ok
RAJWOBJTTGJROA-WZNAKSSCSA-N,C[C@]12CCC(=O)C[C@@H]1CC[C@@H]3[C@@H]2CC[C@]4([C@H]3CCC4=O)C,49.0,65.49135932401414,ok
RBNPOMFGQQGHHO-REOHCLBHSA-N,C([C@@H](C(=O)O)O)O,13.0,30.97139340926249,ok
RFMMMVDNIPUKGG-YFKPBYRVSA-N,CC(=O)N[C@@H](CCC(=O)O)C(=O)O,24.0,-45.55472044697356,ok
RZVAJINKPMORJF-UHFFFAOYSA-N,CC(=O)NC1=CC=C(C=C1)O,20.0,-11.908478482900719,ok
SHGAZHPCJJPHSC-XFYACQKRSA-N,CC1=C(C(CCC1)(C)C)/C=C/C(=C/C=C/C(=C\C(=O)O)/C)/C,50.0,18.63627659807581,ok
UZTFMUBKZQVKLK-UHFFFAOYSA-N,CC(=O)NCCCC(=O)O,21.0,-55.099827002633205,ok
XGUHPTGEXRHMQQ-BGJMDTOESA-N,C[C@]12CC[C@H]3[C@H]([C@@H]1CCC2=O)CCC4=CC(=O)CC[C@]34CO,48.0,76.52338896175698,ok
XLSMFKSTNGKWQX-UHFFFAOYSA-N,CC(=O)CO,11.0,19.9367160174378,ok
XSQUKJJJFZCRTK-UHFFFAOYSA-N,C(=O)(N)N,8.0,-117.48756647220537,ok
XVFMGWDSJLBXDZ-UHFFFAOYSA-O,C1=CC(=CC=C1C2=[O+]C3=CC(=CC(=C3C=C2O)O)O)O,31.0,86.0317071372862,ok
YDGMGEXADBMOMJ-LURJTMIESA-N,CN(C)C(=NCCC[C@@H](C(=O)O)N)N,32.0,-90.9874795748263,ok
YZXBAPSDXZZRGB-DOFZRALJSA-N,CCCCC/C=C\C/C=C\C/C=C\C/C=C\CCCC(=O)O,54.0,2.631644232878772,ok
ZQISRDCJNBUVMM-YFKPBYRVSA-N,C1=C(NC=N1)C[C@@H](CO)N,21.0,32.130937520399144,ok
ABRIMXGLNHCLIP-UHFFFAOYSA-N,C1CCCCCC(=O)CCCC=CCCCC1,45.0,26.847293753345085,ok
ALHUZKCOMYUFRB-HNNXBMFYSA-N,C[C@H]1CCCCCCCCCCCCC(=O)C1,47.0,20.703453097245593,ok
ALHUZKCOMYUFRB-OAHLLOKOSA-N,C[C@@H]1CCCCCCCCCCCCC(=O)C1,47.0,21.14547912534789,ok
CJPNOLIZCWDHJK-UHFFFAOYSA-N,CCCCCCCCCCCCCC(=O)C,46.0,2.830745924536931,ok
FFVHXGZXDRXFLQ-UHFFFAOYSA-N,C1CCCCCCCC(CCCCCC1)O,46.0,19.455002383975348,ok
MINYPECWDZURGR-UHFFFAOYSA-N,CC1=C(C(=C(C(=C1C)[N+](=O)[O-])C(C)(C)C)[N+](=O)[O-])C,37.0,126.62053518979143,ok
PQYGSSYFJIJDFK-UHFFFAOYSA-N,CCCCCCCC(=O)CCCCCCC,46.0,1.6781322574337612,ok
SRONXYPFSAKOGH-UHFFFAOYSA-N,C1CCCCCCCCCCCCCC1,45.0,17.05688194027184,ok
SXOZDDAFVJANJP-UHFFFAOYSA-N,C1CCCCC(=O)CCCC1,29.0,19.222384655456846,ok
UPOSSYJVWXLPTA-UHFFFAOYSA-N,C1CCCCCC(=O)CCCC1,32.0,21.58725727252031,ok
ZFGBKXBPHOUSJX-VQHVLOKHSA-N,CC1C/C=C/CCCCCCCCC(=O)C1,42.0,23.30273876992589,ok
KRKNYBCHXYNGOX-UHFFFAOYSA-N,C(C(=O)O)C(CC(=O)O)(C(=O)O)O,21.0,-65.71418297559512,ok
