gene,acc,inchikey,label,affinity
OR51E2,Q9H255,KPGXRSRHYNQIFN-UHFFFAOYSA-N,1,-4.714
OR51E2,Q9H255,XVFMGWDSJLBXDZ-UHFFFAOYSA-O,1,-6.785
OR51E2,Q9H255,KMYWVDDIPVNLME-KQYNXXCUSA-N,1,-5.333
OR51E2,Q9H255,SCCDQYPEOIRVGX-UHFFFAOYSA-N,1,-6.189
OR51E2,Q9H255,QQZOPKMRPOGIEB-UHFFFAOYSA-N,0,-4.099
OR51E2,Q9H255,WKOLLVMJNQIZCI-UHFFFAOYSA-N,0,-5.548
OR51E2,Q9H255,IAEGWXHKWJGQAZ-UHFFFAOYSA-N,0,-4.86
OR51E2,Q9H255,HNDHDMOSWUAEAW-VMXHOPILSA-N,0,-6.936
OR51E2,Q9H255,CLGFIVUFZRGQRP-UHFFFAOYSA-N,1,-5.669
OR51E2,Q9H255,MCSCIFLXNFLCDV-UHFFFAOYSA-N,1,-3.856
OR51E2,Q9H255,QXZGBUJJYSLZLT-FDISYFBBSA-N,1,-5.353
OR51E2,Q9H255,XBDQKXXYIPTUBI-UHFFFAOYSA-N,1,-3.85
OR51E2,Q9H255,LBTVHXHERHESKG-UHFFFAOYSA-N,1,-7.218
OR51E2,Q9H255,MUMGGOZAMZWBJJ-KZYORJDKSA-N,1,-6.983
OR51E2,Q9H255,PZDOWFGHCNHPQD-OQPGPFOOSA-N,1,-4.975
OR51E2,Q9H255,DEFJQIDDEAULHB-QWWZWVQMSA-N,1,-5.337
OR51E2,Q9H255,HHDDCCUIIUWNGJ-UHFFFAOYSA-N,1,-3.755
OR51E2,Q9H255,HNJBEVLQSNELDL-UHFFFAOYSA-N,1,-4.112
OR51E2,Q9H255,DHMQDGOQFOQNFH-UHFFFAOYSA-N,1,-3.2
OR51E2,Q9H255,QTBSBXVTEAMEQO-UHFFFAOYSA-N,1,-3.081
OR51E2,Q9H255,XGUHPTGEXRHMQQ-BGJMDTOESA-N,1,-6.636
OR51E2,Q9H255,HFVMLYAGWXSTQI-QYXZOKGRSA-N,1,-6.92
OR51E2,Q9H255,ZQISRDCJNBUVMM-YFKPBYRVSA-N,1,-4.576
OR51E2,Q9H255,XSQUKJJJFZCRTK-UHFFFAOYSA-N,1,-2.923
OR51E2,Q9H255,RAJWOBJTTGJROA-WZNAKSSCSA-N,1,-6.892
OR51E2,Q9H255,ZYEMGPIYFIJGTP-UHFFFAOYSA-N,1,-5.718
OR51E2,Q9H255,RFMMMVDNIPUKGG-YFKPBYRVSA-N,1,-5.347
OR51E2,Q9H255,JYWNYMJKURVPFH-UHFFFAOYSA-N,1,-5.7
OR51E2,Q9H255,KQNPFQTWMSNSAP-UHFFFAOYSA-N,1,-4.104
OR51E2,Q9H255,YCIXWYOBMVNGTB-UHFFFAOYSA-N,0,-5.669
OR51E2,Q9H255,NGAZZOYFWWSOGK-UHFFFAOYSA-N,0,-4.334
OR51E2,Q9H255,UFLHIIWVXFIJGU-ARJAWSKDSA-N,0,-4.17
OR51E2,Q9H255,YZXBAPSDXZZRGB-DOFZRALJSA-N,0,-6.6
OR51E2,Q9H255,UBJVUCKUDDKUJF-UHFFFAOYSA-N,0,-3.658
OR51E2,Q9H255,NTYJJOPFIAHURM-UHFFFAOYSA-N,0,-4.054
OR51E2,Q9H255,KSMVZQYAVGTKIV-UHFFFAOYSA-N,0,-4.592
OR51E2,Q9H255,RTUMCNDCAVLXEP-UHFFFAOYSA-N,0,-6.494
OR51E2,Q9H255,QGNDNDFXCNBMKI-FPLPWBNLSA-N,0,-5.258
OR51E2,Q9H255,PETRWTHZSKVLRE-UHFFFAOYSA-N,0,-4.89
OR51E2,Q9H255,FGKJLKRYENPLQH-UHFFFAOYSA-N,0,-4.474
OR51E2,Q9H255,FUZZWVXGSFPDMH-UHFFFAOYSA-N,0,-4.37
OR51E2,Q9H255,HXYVTAGFYLMHSO-UHFFFAOYSA-N,0,-5.706
OR51E2,Q9H255,SHGAZHPCJJPHSC-XFYACQKRSA-N,0,-7.016
OR51E2,Q9H255,XXIKYCPRDXIMQM-UHFFFAOYSA-N,0,-4.902
OR51E2,Q9H255,JSJWCHRYRHKBBW-UHFFFAOYSA-N,0,-4.358
OR51E2,Q9H255,FONIWJIDLJEJTL-UHFFFAOYSA-N,0,-4.921
OR51E2,Q9H255,DTUQWGWMVIHBKE-UHFFFAOYSA-N,0,-5.262
OR51E2,Q9H255,DKPFZGUDAPQIHT-UHFFFAOYSA-N,0,-4.137
OR51E2,Q9H255,GUBGYTABKSRVRQ-QUYVBRFLSA-N,0,-4.506
OR51E2,Q9H255,NUJGJRNETVAIRJ-UHFFFAOYSA-N,0,-4.466
OR51E2,Q9H255,ZWRUINPWMLAQRD-UHFFFAOYSA-N,0,-4.586
OR51E2,Q9H255,ULDHMXUKGWMISQ-SECBINFHSA-N,0,-5.954
OR51E2,Q9H255,KYQCOXFCLRTKLS-UHFFFAOYSA-N,0,-3.244
OR51E2,Q9H255,RMBFBMJGBANMMK-UHFFFAOYSA-N,0,-5.632
OR51E2,Q9H255,QUOGESRFPZDMMT-YFKPBYRVSA-N,0,-5.418
OR51E2,Q9H255,ZPVFWPFBNIEHGJ-UHFFFAOYSA-N,0,-4.672
OR51E2,Q9H255,ULDHMXUKGWMISQ-VIFPVBQESA-N,0,-6.185
OR51E2,Q9H255,ZCDYAMJXVAUTIM-UHFFFAOYSA-N,0,-5.585
OR51E2,Q9H255,QSJXEFYPDANLFS-UHFFFAOYSA-N,0,-3.831
OR51E2,Q9H255,WWZKQHOCKIZLMA-UHFFFAOYSA-N,0,-4.933
OR51E2,Q9H255,NPAGDVCDWIYMMC-IZPLOLCNSA-N,0,-6.251
OR51E2,Q9H255,LSDPWZHWYPCBBB-UHFFFAOYSA-N,0,-1.265
OR51E2,Q9H255,GYHFUZHODSMOHU-UHFFFAOYSA-N,0,-4.695
OR51E2,Q9H255,FZJUFJKVIYFBSY-UHFFFAOYSA-N,0,-5.934
OR51E2,Q9H255,PGMYKACGEOXYJE-UHFFFAOYSA-N,0,-4.551
OR51E2,Q9H255,MUMGGOZAMZWBJJ-DYKIIFRCSA-N,0,-6.592
OR51E2,Q9H255,JLPUXFOGCDVKGO-TUAOUCFPSA-N,0,-5.353
OR51E2,Q9H255,ZDPHROOEEOARMN-UHFFFAOYSA-N,0,-5.062
OR51E2,Q9H255,GHVNFZFCNZKVNT-UHFFFAOYSA-N,0,-4.819
OR51E2,Q9H255,MSTDXOZUKAQDRL-UHFFFAOYSA-N,0,-5.521
OR51E2,Q9H255,RHLVCLIPMVJYKS-UHFFFAOYSA-N,0,-4.613
OR51E2,Q9H255,DSSYKIVIOFKYAU-XCBNKYQSSA-N,0,-5.292
OR51E2,Q9H255,ZWEHNKRNPOVVGH-UHFFFAOYSA-N,0,-3.611
OR51E2,Q9H255,NQPDZGIKBAWPEJ-UHFFFAOYSA-N,0,-4.084
OR51E2,Q9H255,YDGMGEXADBMOMJ-LURJTMIESA-N,0,-5.224
OR51E1,Q8TCB6,FGKJLKRYENPLQH-UHFFFAOYSA-N,1,-4.218
OR51E1,Q8TCB6,GWYFCOCPABKNJV-UHFFFAOYSA-N,1,-3.917
OR51E1,Q8TCB6,NOOLISFMXDJSKH-AEJSXWLSSA-N,1,-5.423
OR51E1,Q8TCB6,KSMVZQYAVGTKIV-UHFFFAOYSA-N,1,-4.52
OR51E1,Q8TCB6,QPJVMBTYPHYUOC-UHFFFAOYSA-N,1,-4.733
OR51E1,Q8TCB6,YLYBTZIQSIBWLI-UHFFFAOYSA-N,1,-4.617
OR51E1,Q8TCB6,FERIUCNNQQJTOY-UHFFFAOYSA-N,1,-3.656
OR51E1,Q8TCB6,UBJVUCKUDDKUJF-UHFFFAOYSA-N,1,-3.338
OR51E1,Q8TCB6,LRHPLDYGYMQRHN-UHFFFAOYSA-N,1,-3.184
OR51E1,Q8TCB6,RMBFBMJGBANMMK-UHFFFAOYSA-N,1,-5.636
OR51E1,Q8TCB6,HIGQPQRQIQDZMP-DHZHZOJOSA-N,1,-5.682
OR51E1,Q8TCB6,XRHCAGNSDHCHFJ-UHFFFAOYSA-N,1,-4.642
OR51E1,Q8TCB6,WTEVQBCEXWBHNA-JXMROGBWSA-N,1,-5.177
OR51E1,Q8TCB6,KWOLFJPFCHCOCG-UHFFFAOYSA-N,1,-4.67
OR51E1,Q8TCB6,RTUMCNDCAVLXEP-UHFFFAOYSA-N,0,-6.903
OR51E1,Q8TCB6,KQNPFQTWMSNSAP-UHFFFAOYSA-N,0,-3.676
OR51E1,Q8TCB6,QSJXEFYPDANLFS-UHFFFAOYSA-N,0,-3.388
OR51E1,Q8TCB6,LHGVFZTZFXWLCP-UHFFFAOYSA-N,0,-4.275
OR51E1,Q8TCB6,ZCZSIDMEHXZRLG-UHFFFAOYSA-N,0,-4.354
OR51E1,Q8TCB6,DKPFZGUDAPQIHT-UHFFFAOYSA-N,0,-3.572
OR51E1,Q8TCB6,NOOLISFMXDJSKH-KXUCPTDWSA-N,0,-5.266
OR51E1,Q8TCB6,PETRWTHZSKVLRE-UHFFFAOYSA-N,0,-4.795
OR51E1,Q8TCB6,IAEGWXHKWJGQAZ-UHFFFAOYSA-N,0,-4.297
OR51E1,Q8TCB6,ZYEMGPIYFIJGTP-UHFFFAOYSA-N,0,-5.343
OR51E1,Q8TCB6,ZCDYAMJXVAUTIM-UHFFFAOYSA-N,0,-5.471
OR51E1,Q8TCB6,OSWPMRLSEDHDFF-UHFFFAOYSA-N,0,-4.965
OR51E1,Q8TCB6,UFLHIIWVXFIJGU-ARJAWSKDSA-N,0,-3.906
OR51E1,Q8TCB6,USIUVYZYUHIAEV-UHFFFAOYSA-N,0,-6.468
OR51E1,Q8TCB6,ZWEHNKRNPOVVGH-UHFFFAOYSA-N,0,-3.148
OR51E1,Q8TCB6,BJIOGJUNALELMI-ONEGZZNKSA-N,0,-5.301
OR51E1,Q8TCB6,FUZZWVXGSFPDMH-UHFFFAOYSA-N,0,-4.139
OR51E1,Q8TCB6,XAPCMTMQBXLDBB-UHFFFAOYSA-N,0,-4.348
OR51E1,Q8TCB6,MMFCJPPRCYDLLZ-CMDGGOBGSA-N,0,-4.444
OR51E1,Q8TCB6,KYQCOXFCLRTKLS-UHFFFAOYSA-N,0,-3.091
OR51E1,Q8TCB6,LSDPWZHWYPCBBB-UHFFFAOYSA-N,0,-1.226
OR51E1,Q8TCB6,WEEGYLXZBRQIMU-UHFFFAOYSA-N,0,-5.18
OR51E1,Q8TCB6,MWOOGOJBHIARFG-UHFFFAOYSA-N,0,-4.806
OR51E1,Q8TCB6,KMPQYAYAQWNLME-UHFFFAOYSA-N,0,-4.665
OR51E1,Q8TCB6,NUJGJRNETVAIRJ-UHFFFAOYSA-N,0,-4.042
OR51E1,Q8TCB6,JHIVVAPYMSGYDF-UHFFFAOYSA-N,0,-4.162
OR51E1,Q8TCB6,HNDHDMOSWUAEAW-VMXHOPILSA-N,0,-6.396
OR51E1,Q8TCB6,LHXDLQBQYFFVNW-OIBJUYFYSA-N,0,-5.406
OR51E1,Q8TCB6,AMIMRNSIRUDHCM-UHFFFAOYSA-N,0,-3.02
OR51E1,Q8TCB6,DTUQWGWMVIHBKE-UHFFFAOYSA-N,0,-4.897
OR51E1,Q8TCB6,SCCDQYPEOIRVGX-UHFFFAOYSA-N,0,-5.809
OR51E1,Q8TCB6,HFVMLYAGWXSTQI-QYXZOKGRSA-N,0,-6.807
OR51E1,Q8TCB6,PGMYKACGEOXYJE-UHFFFAOYSA-N,0,-4.034
OR51E1,Q8TCB6,FZJUFJKVIYFBSY-UHFFFAOYSA-N,0,-5.912
OR51E1,Q8TCB6,FKUPPRZPSYCDRS-UHFFFAOYSA-N,0,-4.112
OR51E1,Q8TCB6,CATSNJVOTSVZJV-UHFFFAOYSA-N,0,-3.938
OR51E1,Q8TCB6,JLPUXFOGCDVKGO-TUAOUCFPSA-N,0,-4.908
OR1A1,Q9P1Q5,HSDXVAOHEOSTFZ-UHFFFAOYSA-N,1,-6.445
OR1A1,Q9P1Q5,WTEVQBCEXWBHNA-JXMROGBWSA-N,1,-6.904
OR1A1,Q9P1Q5,ZMRFRBHYXOQLDK-UHFFFAOYSA-N,1,-5.809
OR1A1,Q9P1Q5,XMGQYMWWDOXHJM-JTQLQIEISA-N,1,-6.988
OR1A1,Q9P1Q5,IGMOYJSFRIASIE-UHFFFAOYSA-N,1,-5.952
OR1A1,Q9P1Q5,RUVINXPYWBROJD-ONEGZZNKSA-N,1,-7.05
OR1A1,Q9P1Q5,KFBXUKHERGLHLG-UHFFFAOYSA-N,1,-5.956
OR1A1,Q9P1Q5,JJOYCHKVKWDMEA-UHFFFAOYSA-N,1,-6.732
OR1A1,Q9P1Q5,GLZPCOQZEFWAFX-JXMROGBWSA-N,1,-6.823
OR1A1,Q9P1Q5,NFLGAXVYCFJBMK-DTWKUNHWSA-N,1,-7.337
OR1A1,Q9P1Q5,ULDHMXUKGWMISQ-VIFPVBQESA-N,1,-7.236
OR1A1,Q9P1Q5,MSTDXOZUKAQDRL-UHFFFAOYSA-N,1,-7.065
OR1A1,Q9P1Q5,XMWRWTSZNLOZFN-UHFFFAOYSA-N,1,-6.04
OR1A1,Q9P1Q5,ZRSNZINYAWTAHE-UHFFFAOYSA-N,1,-5.973
OR1A1,Q9P1Q5,NEHNMFOYXAPHSD-SNVBAGLBSA-N,1,-6.834
OR1A1,Q9P1Q5,RHLVCLIPMVJYKS-UHFFFAOYSA-N,1,-5.468
OR1A1,Q9P1Q5,FQTLCLSUCSAZDY-SDNWHVSQSA-N,1,-8.059
OR1A1,Q9P1Q5,BAVONGHXFVOKBV-YHMJZVADSA-N,1,-7.1
OR1A1,Q9P1Q5,VKCYHJWLYTUGCC-UHFFFAOYSA-N,1,-5.84
OR1A1,Q9P1Q5,USIUVYZYUHIAEV-UHFFFAOYSA-N,1,-8.011
OR1A1,Q9P1Q5,DULCUDSUACXJJC-UHFFFAOYSA-N,1,-6.987
OR1A1,Q9P1Q5,RWCCWEUUXYIKHB-UHFFFAOYSA-N,1,-8.972
OR1A1,Q9P1Q5,NOOLISFMXDJSKH-KXUCPTDWSA-N,1,-7.365
OR1A1,Q9P1Q5,YLYBTZIQSIBWLI-UHFFFAOYSA-N,1,-6.029
OR1A1,Q9P1Q5,ZVEZMVFBMOOHAT-UHFFFAOYSA-N,1,-5.071
OR1A1,Q9P1Q5,BSAIUMLZVGUGKX-FPLPWBNLSA-N,0,-5.79
OR1A1,Q9P1Q5,KLIDCXVFHGNTTM-UHFFFAOYSA-N,0,-6.221
OR1A1,Q9P1Q5,BSAIUMLZVGUGKX-BQYQJAHWSA-N,0,-5.773
OR1A1,Q9P1Q5,KMRMUZKLFIEVAO-IUCAKERBSA-N,0,-7.002
OR1A1,Q9P1Q5,GNKZMNRKLCTJAY-UHFFFAOYSA-N,0,-6.87
OR1A1,Q9P1Q5,FZJUFJKVIYFBSY-UHFFFAOYSA-N,0,-7.941
OR1A1,Q9P1Q5,NGSWKAQJJWESNS-ZZXKWVIFSA-N,0,-7.194
OR1A1,Q9P1Q5,AMIMRNSIRUDHCM-UHFFFAOYSA-N,0,-3.906
OR1A1,Q9P1Q5,LHXDLQBQYFFVNW-XCBNKYQSSA-N,0,-7.267
OR1A1,Q9P1Q5,HZYHMHHBBBSGHB-KPDBFRNYSA-N,0,-6.032
OR1A1,Q9P1Q5,KVFIJIWMDBAGDP-UHFFFAOYSA-N,0,-5.276
OR1A1,Q9P1Q5,LFQSCWFLJHTTHZ-UHFFFAOYSA-N,0,-2.566
OR1A1,Q9P1Q5,WRMNZCZEMHIOCP-UHFFFAOYSA-N,0,-6.229
OR1A1,Q9P1Q5,WUOACPNHFRMFPN-SECBINFHSA-N,0,-7.511
OR1A1,Q9P1Q5,FGKJLKRYENPLQH-UHFFFAOYSA-N,0,-5.528
OR1A1,Q9P1Q5,TZMFJUDUGYTVRY-UHFFFAOYSA-N,0,-4.817
OR1A1,Q9P1Q5,KYQCOXFCLRTKLS-UHFFFAOYSA-N,0,-3.687
OR1A1,Q9P1Q5,KVFQMAZOBTXCAZ-UHFFFAOYSA-N,0,-5.288
OR1A1,Q9P1Q5,NTOPKICPEQUPPH-UHFFFAOYSA-N,0,-5.711
OR1A1,Q9P1Q5,PFRGXCVKLLPLIP-UHFFFAOYSA-N,0,-4.432
OR1A1,Q9P1Q5,ICMAFTSLXCXHRK-UHFFFAOYSA-N,0,-5.231
OR1A1,Q9P1Q5,ACZGCWSMSTYWDQ-UHFFFAOYSA-N,0,-6.809
OR1A1,Q9P1Q5,MWOOGOJBHIARFG-UHFFFAOYSA-N,0,-6.073
OR1A1,Q9P1Q5,CAWHJQAVHZEVTJ-UHFFFAOYSA-N,0,-4.651
OR1A1,Q9P1Q5,MLFHJEHSLIIPHL-UHFFFAOYSA-N,0,-5.645
OR1A1,Q9P1Q5,FKUPPRZPSYCDRS-UHFFFAOYSA-N,0,-4.719
OR1A1,Q9P1Q5,ZYGHJZDHTFUPRJ-UHFFFAOYSA-N,0,-7.707
OR1A1,Q9P1Q5,XBDQKXXYIPTUBI-UHFFFAOYSA-N,0,-3.874
OR1A1,Q9P1Q5,NMJJFJNHVMGPGM-UHFFFAOYSA-N,0,-4.492
OR1A1,Q9P1Q5,HXDOZKJGKXYMEW-UHFFFAOYSA-N,0,-6.282
OR1A1,Q9P1Q5,NBBJYMSMWIIQGU-UHFFFAOYSA-N,0,-3.25
OR1A1,Q9P1Q5,YGHRJJRRZDOVPD-UHFFFAOYSA-N,0,-4.688
OR1A1,Q9P1Q5,RGXWDWUGBIJHDO-UHFFFAOYSA-N,0,-6.221
OR1A1,Q9P1Q5,KWOLFJPFCHCOCG-UHFFFAOYSA-N,0,-6.508
OR1A1,Q9P1Q5,POIARNZEYGURDG-FNORWQNLSA-N,0,-8.089
OR1A1,Q9P1Q5,CZUGFKJYCPYHHV-UHFFFAOYSA-N,0,-3.464
OR1A1,Q9P1Q5,GRWFGVWFFZKLTI-IUCAKERBSA-N,0,-6.952
OR1A1,Q9P1Q5,WRFZKAGPPQGDDQ-UHFFFAOYSA-N,0,-6.047
OR1A1,Q9P1Q5,KQNPFQTWMSNSAP-UHFFFAOYSA-N,0,-4.523
OR1A1,Q9P1Q5,VVGOCOMZRGWHPI-ARJAWSKDSA-N,0,-5.219
OR1A1,Q9P1Q5,RMBFBMJGBANMMK-UHFFFAOYSA-N,0,-7.67
OR1A1,Q9P1Q5,NVIPUOMWGQAOIT-RQOWECAXSA-N,0,-5.171
OR1A1,Q9P1Q5,QTBSBXVTEAMEQO-UHFFFAOYSA-N,0,-3.273
OR1A1,Q9P1Q5,LVBXEMGDVWVTGY-SREVYHEPSA-N,0,-5.653
OR1A1,Q9P1Q5,AMXYRHBJZOVHOL-ODYTWBPASA-N,0,-5.932
OR1A1,Q9P1Q5,LYRIITRHDCNUHV-SSDOTTSWSA-N,0,-5.68
OR1A1,Q9P1Q5,GTDQGKWDWVUKTI-UHFFFAOYSA-N,0,-6.429
OR1A1,Q9P1Q5,KSMVZQYAVGTKIV-UHFFFAOYSA-N,0,-5.839
OR1A1,Q9P1Q5,MMFCJPPRCYDLLZ-CMDGGOBGSA-N,0,-5.957
OR2W1,Q9Y3N9,QMVPMAAFGQKVCJ-JTQLQIEISA-N,1,-5.746
OR2W1,Q9Y3N9,KMPQYAYAQWNLME-UHFFFAOYSA-N,1,-5.479
OR2W1,Q9Y3N9,WEEGYLXZBRQIMU-UHFFFAOYSA-N,1,-5.776
OR2W1,Q9Y3N9,NGAZZOYFWWSOGK-UHFFFAOYSA-N,1,-4.8
OR2W1,Q9Y3N9,BSAIUMLZVGUGKX-BQYQJAHWSA-N,1,-5.1
OR2W1,Q9Y3N9,RHLVCLIPMVJYKS-UHFFFAOYSA-N,1,-5.079
OR2W1,Q9Y3N9,OBNCKNCVKJNDBV-UHFFFAOYSA-N,1,-4.557
OR2W1,Q9Y3N9,FBUKVWPVBMHYJY-UHFFFAOYSA-N,1,-5.31
OR2W1,Q9Y3N9,WNVCMFHPRIBNCW-YUMQZZPRSA-N,1,-6.079
OR2W1,Q9Y3N9,SCCDQYPEOIRVGX-UHFFFAOYSA-N,1,-6.276
OR2W1,Q9Y3N9,DULCUDSUACXJJC-UHFFFAOYSA-N,1,-6.323
OR2W1,Q9Y3N9,VVGOCOMZRGWHPI-ARJAWSKDSA-N,1,-4.715
OR2W1,Q9Y3N9,GNKZMNRKLCTJAY-UHFFFAOYSA-N,1,-6.177
OR2W1,Q9Y3N9,ZCDYAMJXVAUTIM-UHFFFAOYSA-N,1,-6.475
OR2W1,Q9Y3N9,HXDOZKJGKXYMEW-UHFFFAOYSA-N,1,-5.723
OR2W1,Q9Y3N9,MLFHJEHSLIIPHL-UHFFFAOYSA-N,1,-5.004
OR2W1,Q9Y3N9,GCZQHDFWKVMZOE-UHFFFAOYSA-N,1,-3.863
OR2W1,Q9Y3N9,ZRSNZINYAWTAHE-UHFFFAOYSA-N,1,-5.499
OR2W1,Q9Y3N9,VKCYHJWLYTUGCC-UHFFFAOYSA-N,1,-5.234
OR2W1,Q9Y3N9,QQZOPKMRPOGIEB-UHFFFAOYSA-N,1,-4.444
OR2W1,Q9Y3N9,HSDXVAOHEOSTFZ-UHFFFAOYSA-N,1,-5.736
OR2W1,Q9Y3N9,YWHLKYXPLRWGSE-UHFFFAOYSA-N,1,-2.559
OR2W1,Q9Y3N9,AOGQPLXWSUTHQB-UHFFFAOYSA-N,1,-5.18
OR2W1,Q9Y3N9,MWKFXSUHUHTGQN-UHFFFAOYSA-N,1,-5.356
OR2W1,Q9Y3N9,OOCCDEMITAIZTP-QPJJXVBHSA-N,1,-5.96
OR2W1,Q9Y3N9,GSOHKPVFCOWKPU-UHFFFAOYSA-N,0,-4.805
OR2W1,Q9Y3N9,LOCDPORVFVOGCR-UHFFFAOYSA-N,0,-2.612
OR2W1,Q9Y3N9,WQOXQRCZOLPYPM-UHFFFAOYSA-N,0,-2.336
OR2W1,Q9Y3N9,UXFSPRAGHGMRSQ-UHFFFAOYSA-N,0,-5.566
OR2W1,Q9Y3N9,IFNDEOYXGHGERA-UHFFFAOYSA-N,0,-5.852
OR2W1,Q9Y3N9,MNWFXJYAOYHMED-UHFFFAOYSA-N,0,-5.056
OR2W1,Q9Y3N9,NQPDZGIKBAWPEJ-UHFFFAOYSA-N,0,-4.574
OR2W1,Q9Y3N9,LHGVFZTZFXWLCP-UHFFFAOYSA-N,0,-5.35
OR2W1,Q9Y3N9,SRUTWBWLFKSTIS-UHFFFAOYSA-N,0,-4.38
OR2W1,Q9Y3N9,AMIMRNSIRUDHCM-UHFFFAOYSA-N,0,-3.659
OR2W1,Q9Y3N9,NBBJYMSMWIIQGU-UHFFFAOYSA-N,0,-2.955
OR2W1,Q9Y3N9,RAPXVKLHABTPOM-UHFFFAOYSA-N,0,-7.512
OR2W1,Q9Y3N9,LSDPWZHWYPCBBB-UHFFFAOYSA-N,0,-1.298
OR2W1,Q9Y3N9,QRNZMFDCKKEPSX-UHFFFAOYSA-N,0,-4.451
OR2W1,Q9Y3N9,VXIXUWQIVKSKSA-UHFFFAOYSA-N,0,-6.548
OR2W1,Q9Y3N9,XAPCMTMQBXLDBB-UHFFFAOYSA-N,0,-5.414
OR2W1,Q9Y3N9,NTOPKICPEQUPPH-UHFFFAOYSA-N,0,-5.358
OR2W1,Q9Y3N9,GWYFCOCPABKNJV-UHFFFAOYSA-N,0,-4.361
OR2W1,Q9Y3N9,USIUVYZYUHIAEV-UHFFFAOYSA-N,0,-7.009
OR2W1,Q9Y3N9,NVLPQIPTCCLBEU-UHFFFAOYSA-N,0,-3.038
OR2W1,Q9Y3N9,UHOVQNZJYSORNB-UHFFFAOYSA-N,0,-4.217
OR2W1,Q9Y3N9,CLUWOWRTHNNBBU-UHFFFAOYSA-N,0,-3.241
OR2W1,Q9Y3N9,DHKHKXVYLBGOIT-UHFFFAOYSA-N,0,-4.136
OR2W1,Q9Y3N9,WXCMHFPAUCOJIG-UHFFFAOYSA-N,0,-3.615
OR2W1,Q9Y3N9,XPCTZQVDEJYUGT-UHFFFAOYSA-N,0,-5.522
OR2W1,Q9Y3N9,ZFRKQXVRDFCRJG-UHFFFAOYSA-N,0,-6.256
OR2W1,Q9Y3N9,PHTQWCKDNZKARW-UHFFFAOYSA-N,0,-4.088
OR2W1,Q9Y3N9,YLYBTZIQSIBWLI-UHFFFAOYSA-N,0,-5.328
OR2W1,Q9Y3N9,HJWLCRVIBGQPNF-UHFFFAOYSA-N,0,-5.771
OR2W1,Q9Y3N9,GRWFGVWFFZKLTI-IUCAKERBSA-N,0,-5.683
OR2W1,Q9Y3N9,KQNPFQTWMSNSAP-UHFFFAOYSA-N,0,-4.358
OR2W1,Q9Y3N9,RLSSMJSEOOYNOY-UHFFFAOYSA-N,0,-5.339
OR2W1,Q9Y3N9,WVDDGKGOMKODPV-UHFFFAOYSA-N,0,-5.157
OR2W1,Q9Y3N9,DTUQWGWMVIHBKE-UHFFFAOYSA-N,0,-5.364
OR2W1,Q9Y3N9,XMGQYMWWDOXHJM-SNVBAGLBSA-N,0,-6.558
OR2W1,Q9Y3N9,WUOACPNHFRMFPN-SECBINFHSA-N,0,-6.464
OR2W1,Q9Y3N9,OFJWFSNDPCAWDK-SECBINFHSA-N,0,-6.662
OR2W1,Q9Y3N9,WTOYNNBCKUYIKC-JMSVASOKSA-N,0,-7.284
OR2W1,Q9Y3N9,XBDQKXXYIPTUBI-UHFFFAOYSA-N,0,-3.582
OR2W1,Q9Y3N9,QMMFVYPAHWMCMS-UHFFFAOYSA-N,0,-1.896
OR2W1,Q9Y3N9,RUYNUXHHUVUINQ-UHFFFAOYSA-N,0,-3.736
OR2W1,Q9Y3N9,CZUGFKJYCPYHHV-UHFFFAOYSA-N,0,-3.291
OR2W1,Q9Y3N9,WLJVXDMOQOGPHL-UHFFFAOYSA-N,0,-5.844
OR2W1,Q9Y3N9,YOMSJEATGXXYPX-UHFFFAOYSA-N,0,-6.006
OR2W1,Q9Y3N9,FZOZFDAMVVEZSJ-UHFFFAOYSA-N,0,-4.513
OR2W1,Q9Y3N9,LHXDLQBQYFFVNW-OIBJUYFYSA-N,0,-6.042
OR2W1,Q9Y3N9,HYBBIBNJHNGZAN-UHFFFAOYSA-N,0,-4.269
OR2W1,Q9Y3N9,OVNCGQSYSSYBPO-UHFFFAOYSA-N,0,-5.191
OR2W1,Q9Y3N9,KSMVZQYAVGTKIV-UHFFFAOYSA-N,0,-5.387
OR2W1,Q9Y3N9,BHIWKHZACMWKOJ-UHFFFAOYSA-N,0,-4.323
OR7D4,Q8NG98,KWOLFJPFCHCOCG-UHFFFAOYSA-N,1,-5.252
OR7D4,Q8NG98,HNDHDMOSWUAEAW-VMXHOPILSA-N,1,-9.108
OR7D4,Q8NG98,HFVMLYAGWXSTQI-QYXZOKGRSA-N,1,-9.559
OR7D4,Q8NG98,HIGQPQRQIQDZMP-DHZHZOJOSA-N,0,-6.268
OR7D4,Q8NG98,FZJUFJKVIYFBSY-UHFFFAOYSA-N,0,-6.244
OR7D4,Q8NG98,QPJVMBTYPHYUOC-UHFFFAOYSA-N,0,-5.385
OR7D4,Q8NG98,RTUMCNDCAVLXEP-UHFFFAOYSA-N,0,-6.989
OR7D4,Q8NG98,FERIUCNNQQJTOY-UHFFFAOYSA-N,0,-3.642
OR7D4,Q8NG98,RRAFCDWBNXTKKO-UHFFFAOYSA-N,0,-5.581
OR7D4,Q8NG98,WXCMHFPAUCOJIG-UHFFFAOYSA-N,0,-7.581
OR7D4,Q8NG98,FGKJLKRYENPLQH-UHFFFAOYSA-N,0,-4.364
OR7D4,Q8NG98,ULDHMXUKGWMISQ-VIFPVBQESA-N,0,-5.793
OR7D4,Q8NG98,PETRWTHZSKVLRE-UHFFFAOYSA-N,0,-5.085
OR7D4,Q8NG98,CBOQJANXLMLOSS-UHFFFAOYSA-N,0,-5.386
OR7D4,Q8NG98,KYQCOXFCLRTKLS-UHFFFAOYSA-N,0,-3.094
OR7D4,Q8NG98,ZCZSIDMEHXZRLG-UHFFFAOYSA-N,0,-4.805
OR7D4,Q8NG98,FKUPPRZPSYCDRS-UHFFFAOYSA-N,0,-4.609
OR7D4,Q8NG98,GYHFUZHODSMOHU-UHFFFAOYSA-N,0,-4.38
OR7D4,Q8NG98,ZWEHNKRNPOVVGH-UHFFFAOYSA-N,0,-3.286
OR7D4,Q8NG98,JLPUXFOGCDVKGO-TUAOUCFPSA-N,0,-6.259
OR7D4,Q8NG98,WTEVQBCEXWBHNA-JXMROGBWSA-N,0,-5.544
OR7D4,Q8NG98,QGNDNDFXCNBMKI-FPLPWBNLSA-N,0,-4.997
OR7D4,Q8NG98,NKMKFQCVDZVEJR-CSKARUKUSA-N,0,-4.702
OR7D4,Q8NG98,QSJXEFYPDANLFS-UHFFFAOYSA-N,0,-3.446
OR7D4,Q8NG98,OSWPMRLSEDHDFF-UHFFFAOYSA-N,0,-5.414
OR7D4,Q8NG98,CATSNJVOTSVZJV-UHFFFAOYSA-N,0,-4.391
OR7D4,Q8NG98,XSAYZAUNJMRRIR-UHFFFAOYSA-N,0,-7.295
OR7D4,Q8NG98,PGMYKACGEOXYJE-UHFFFAOYSA-N,0,-4.672
OR7D4,Q8NG98,ZYEMGPIYFIJGTP-UHFFFAOYSA-N,0,-5.759
OR7D4,Q8NG98,JARKCYVAAOWBJS-UHFFFAOYSA-N,0,-3.98
OR7D4,Q8NG98,LSDPWZHWYPCBBB-UHFFFAOYSA-N,0,-1.385
OR7D4,Q8NG98,ZCDYAMJXVAUTIM-UHFFFAOYSA-N,0,-5.927
OR7D4,Q8NG98,KSMVZQYAVGTKIV-UHFFFAOYSA-N,0,-4.746
OR7D4,Q8NG98,IAEGWXHKWJGQAZ-UHFFFAOYSA-N,0,-4.598
OR7D4,Q8NG98,RMBFBMJGBANMMK-UHFFFAOYSA-N,0,-5.816
OR7D4,Q8NG98,ZGEHHVDYDNXYMW-UPHRSURJSA-N,0,-4.786
OR7D4,Q8NG98,NUJGJRNETVAIRJ-UHFFFAOYSA-N,0,-4.394
OR7D4,Q8NG98,XMWRWTSZNLOZFN-UHFFFAOYSA-N,0,-7.433
OR7D4,Q8NG98,ZRSNZINYAWTAHE-UHFFFAOYSA-N,0,-4.976
OR7D4,Q8NG98,LRHPLDYGYMQRHN-UHFFFAOYSA-N,0,-3.381
OR7D4,Q8NG98,KQNPFQTWMSNSAP-UHFFFAOYSA-N,0,-3.593
OR7D4,Q8NG98,XAPCMTMQBXLDBB-UHFFFAOYSA-N,0,-5.234
OR7D4,Q8NG98,LHXDLQBQYFFVNW-OIBJUYFYSA-N,0,-5.814
OR7D4,Q8NG98,KMPQYAYAQWNLME-UHFFFAOYSA-N,0,-4.899
OR7D4,Q8NG98,FXHGMKSSBGDXIY-UHFFFAOYSA-N,0,-4.25
OR7D4,Q8NG98,NOOLISFMXDJSKH-AEJSXWLSSA-N,0,-5.648
OR7D4,Q8NG98,YLYBTZIQSIBWLI-UHFFFAOYSA-N,0,-5.087
OR7D4,Q8NG98,AMIMRNSIRUDHCM-UHFFFAOYSA-N,0,-3.118
OR7D4,Q8NG98,NOOLISFMXDJSKH-KXUCPTDWSA-N,0,-5.412
OR7D4,Q8NG98,XRHCAGNSDHCHFJ-UHFFFAOYSA-N,0,-4.564
OR7D4,Q8NG98,SCCDQYPEOIRVGX-UHFFFAOYSA-N,0,-6.129
OR7D4,Q8NG98,USIUVYZYUHIAEV-UHFFFAOYSA-N,0,-6.464
OR1G1,P47890,GYHFUZHODSMOHU-UHFFFAOYSA-N,1,-3.989
OR1G1,P47890,JGHZJRVDZXSNKQ-UHFFFAOYSA-N,1,-4.397
OR1G1,P47890,OBNCKNCVKJNDBV-UHFFFAOYSA-N,1,-3.632
OR1G1,P47890,GRLJIIJNZJVMGP-UHFFFAOYSA-N,1,-3.347
OR1G1,P47890,ZSIAUFGUXNUGDI-UHFFFAOYSA-N,1,-3.596
OR1G1,P47890,FBUKVWPVBMHYJY-UHFFFAOYSA-N,1,-4.132
OR1G1,P47890,IJXHLVMUNBOGRR-UHFFFAOYSA-N,1,-4.337
OR1G1,P47890,VKCYHJWLYTUGCC-UHFFFAOYSA-N,1,-4.251
OR1G1,P47890,ZYGHJZDHTFUPRJ-UHFFFAOYSA-N,1,-5.871
OR1G1,P47890,MLFHJEHSLIIPHL-UHFFFAOYSA-N,1,-4.027
OR1G1,P47890,ZMQAAUBTXCXRIC-UHFFFAOYSA-N,1,-5.604
OR1G1,P47890,NOOLISFMXDJSKH-KXUCPTDWSA-N,1,-5.118
OR1G1,P47890,YRHYCMZPEVDGFQ-UHFFFAOYSA-N,1,-4.435
OR1G1,P47890,MWKFXSUHUHTGQN-UHFFFAOYSA-N,1,-4.02
OR1G1,P47890,ZALVGSSYVAPZDA-UHFFFAOYSA-N,1,-4.992
OR1G1,P47890,FZWLAAWBMGSTSO-UHFFFAOYSA-N,1,-2.449
OR1G1,P47890,GHVNFZFCNZKVNT-UHFFFAOYSA-N,1,-4.789
OR1G1,P47890,IOJUPLGTWVMSFF-UHFFFAOYSA-N,1,-4.618
OR1G1,P47890,BYEVBITUADOIGY-UHFFFAOYSA-N,1,-4.42
OR1G1,P47890,JUJWROOIHBZHMG-UHFFFAOYSA-N,1,-3.352
OR1G1,P47890,YYZUSRORWSJGET-UHFFFAOYSA-N,1,-4.491
OR1G1,P47890,SMWDFEZZVXVKRB-UHFFFAOYSA-N,1,-5.386
OR1G1,P47890,RUVINXPYWBROJD-ONEGZZNKSA-N,1,-5.399
OR1G1,P47890,KBPLFHHGFOOTCA-UHFFFAOYSA-N,1,-3.966
OR1G1,P47890,LQZZUXJYWNFBMV-UHFFFAOYSA-N,1,-4.253
OR1G1,P47890,NVIPUOMWGQAOIT-RQOWECAXSA-N,0,-3.892
OR1G1,P47890,SIKJAQJRHWYJAI-UHFFFAOYSA-N,0,-5.099
OR1G1,P47890,VPKMGDRERYMTJX-CMDGGOBGSA-N,0,-6.126
OR1G1,P47890,QMMFVYPAHWMCMS-UHFFFAOYSA-N,0,-1.466
OR1G1,P47890,RECUKUPTGUEGMW-UHFFFAOYSA-N,0,-5.393
OR1G1,P47890,QSJXEFYPDANLFS-UHFFFAOYSA-N,0,-3.201
OR1G1,P47890,NUKZAGXMHTUAFE-UHFFFAOYSA-N,0,-3.934
OR1G1,P47890,XAPCMTMQBXLDBB-UHFFFAOYSA-N,0,-4.459
OR1G1,P47890,DKPFZGUDAPQIHT-UHFFFAOYSA-N,0,-3.916
OR1G1,P47890,PGMYKACGEOXYJE-UHFFFAOYSA-N,0,-3.858
OR1G1,P47890,NFLGAXVYCFJBMK-BDAKNGLRSA-N,0,-4.799
OR1G1,P47890,UFLHIIWVXFIJGU-ARJAWSKDSA-N,0,-3.66
OR1G1,P47890,ZPVFWPFBNIEHGJ-UHFFFAOYSA-N,0,-4.064
OR1G1,P47890,FUZZWVXGSFPDMH-UHFFFAOYSA-N,0,-3.825
OR1G1,P47890,BJIOGJUNALELMI-ONEGZZNKSA-N,0,-5.656
OR1G1,P47890,JLPUXFOGCDVKGO-TUAOUCFPSA-N,0,-5.448
OR1G1,P47890,XSAYZAUNJMRRIR-UHFFFAOYSA-N,0,-6.75
OR1G1,P47890,PETRWTHZSKVLRE-UHFFFAOYSA-N,0,-4.789
OR1G1,P47890,QUKGYYKBILRGFE-UHFFFAOYSA-N,0,-5.443
OR1G1,P47890,GWYFCOCPABKNJV-UHFFFAOYSA-N,0,-3.552
OR1G1,P47890,HLCSDJLATUNSSI-JXMROGBWSA-N,0,-5.06
OR1G1,P47890,ULDHMXUKGWMISQ-VIFPVBQESA-N,0,-5.361
OR1G1,P47890,WBYWAXJHAXSJNI-VOTSOKGWSA-N,0,-5.397
OR1G1,P47890,WSTQLNQRVZNEDV-CSKARUKUSA-N,0,-4.524
OR1G1,P47890,QPJVMBTYPHYUOC-UHFFFAOYSA-N,0,-5.013
OR1G1,P47890,WDAXFOBOLVPGLV-UHFFFAOYSA-N,0,-3.737
OR1G1,P47890,NOOLISFMXDJSKH-AEJSXWLSSA-N,0,-4.94
OR1G1,P47890,XUPYJHCZDLZNFP-UHFFFAOYSA-N,0,-4.02
OR1G1,P47890,UHEPJGULSIKKTP-UHFFFAOYSA-N,0,-4.701
OR1G1,P47890,WWZKQHOCKIZLMA-UHFFFAOYSA-N,0,-4.162
OR1G1,P47890,MMFCJPPRCYDLLZ-CMDGGOBGSA-N,0,-4.352
OR1G1,P47890,FKUPPRZPSYCDRS-UHFFFAOYSA-N,0,-3.92
OR1G1,P47890,ZWEHNKRNPOVVGH-UHFFFAOYSA-N,0,-3.076
OR1G1,P47890,RDOXTESZEPMUJZ-UHFFFAOYSA-N,0,-4.115
OR1G1,P47890,OSWPMRLSEDHDFF-UHFFFAOYSA-N,0,-5.201
OR1G1,P47890,FERIUCNNQQJTOY-UHFFFAOYSA-N,0,-3.298
OR1G1,P47890,ULDHMXUKGWMISQ-SECBINFHSA-N,0,-5.53
OR1G1,P47890,XBDQKXXYIPTUBI-UHFFFAOYSA-N,0,-2.9
OR1G1,P47890,FZJUFJKVIYFBSY-UHFFFAOYSA-N,0,-5.503
OR1G1,P47890,XRHCAGNSDHCHFJ-UHFFFAOYSA-N,0,-3.76
OR1G1,P47890,KQNPFQTWMSNSAP-UHFFFAOYSA-N,0,-3.234
OR1G1,P47890,FQTLCLSUCSAZDY-SDNWHVSQSA-N,0,-5.951
OR1G1,P47890,POULHZVOKOAJMA-UHFFFAOYSA-N,0,-4.526
OR1G1,P47890,RTUMCNDCAVLXEP-UHFFFAOYSA-N,0,-6.445
OR1G1,P47890,AMIMRNSIRUDHCM-UHFFFAOYSA-N,0,-2.91
OR1G1,P47890,XWEOGMYZFCHQNT-UHFFFAOYSA-N,0,-4.548
OR1G1,P47890,XMWRWTSZNLOZFN-UHFFFAOYSA-N,0,-5.797
OR1G1,P47890,IAEGWXHKWJGQAZ-UHFFFAOYSA-N,0,-4.37
OR1G1,P47890,PSQYTAPXSHCGMF-BQYQJAHWSA-N,0,-6.072
OR1G1,P47890,LRHPLDYGYMQRHN-UHFFFAOYSA-N,0,-2.935
OR10G4,Q8NGN3,MWOOGOJBHIARFG-UHFFFAOYSA-N,1,-6.165
OR10G4,Q8NGN3,ULDHMXUKGWMISQ-SECBINFHSA-N,1,-6.26
OR10G4,Q8NGN3,NKMKFQCVDZVEJR-CSKARUKUSA-N,0,-5.013
OR10G4,Q8NGN3,ZCDYAMJXVAUTIM-UHFFFAOYSA-N,0,-6.047
OR10G4,Q8NGN3,XSAYZAUNJMRRIR-UHFFFAOYSA-N,0,-7.051
OR10G4,Q8NGN3,WXCMHFPAUCOJIG-UHFFFAOYSA-N,0,-4.261
OR10G4,Q8NGN3,JARKCYVAAOWBJS-UHFFFAOYSA-N,0,-4.247
OR10G4,Q8NGN3,ZRSNZINYAWTAHE-UHFFFAOYSA-N,0,-5.21
OR10G4,Q8NGN3,UFLHIIWVXFIJGU-ARJAWSKDSA-N,0,-4.68
OR10G4,Q8NGN3,IAEGWXHKWJGQAZ-UHFFFAOYSA-N,0,-5.597
OR10G4,Q8NGN3,XMWRWTSZNLOZFN-UHFFFAOYSA-N,0,-5.087
OR10G4,Q8NGN3,NVIPUOMWGQAOIT-RQOWECAXSA-N,0,-4.758
OR10G4,Q8NGN3,RTUMCNDCAVLXEP-UHFFFAOYSA-N,0,-7.345
OR10G4,Q8NGN3,ULDHMXUKGWMISQ-VIFPVBQESA-N,0,-6.398
OR10G4,Q8NGN3,ZGEHHVDYDNXYMW-UPHRSURJSA-N,0,-5.332
OR10G4,Q8NGN3,JLPUXFOGCDVKGO-TUAOUCFPSA-N,0,-7.443
OR10G4,Q8NGN3,QGNDNDFXCNBMKI-FPLPWBNLSA-N,0,-5.402
OR2J2,O76002,MWKFXSUHUHTGQN-UHFFFAOYSA-N,1,-5.148
OR2J2,O76002,ZRSNZINYAWTAHE-UHFFFAOYSA-N,1,-5.6
OR2J2,O76002,XSAYZAUNJMRRIR-UHFFFAOYSA-N,1,-8.239
OR2J2,O76002,KBPLFHHGFOOTCA-UHFFFAOYSA-N,1,-4.662
OR2J2,O76002,BBMCTIGTTCKYKF-UHFFFAOYSA-N,1,-4.473
OR2J2,O76002,DTUQWGWMVIHBKE-UHFFFAOYSA-N,1,-5.642
OR2J2,O76002,BJIOGJUNALELMI-ONEGZZNKSA-N,1,-6.202
OR2J2,O76002,ZYGHJZDHTFUPRJ-UHFFFAOYSA-N,1,-6.495
OR2J2,O76002,ZWRUINPWMLAQRD-UHFFFAOYSA-N,1,-4.987
OR2J2,O76002,FGKJLKRYENPLQH-UHFFFAOYSA-N,1,-4.788
OR2J2,O76002,WXCMHFPAUCOJIG-UHFFFAOYSA-N,0,-6.749
OR2J2,O76002,WTEVQBCEXWBHNA-JXMROGBWSA-N,0,-5.989
OR2J2,O76002,GLZPCOQZEFWAFX-JXMROGBWSA-N,0,-5.901
OR2J2,O76002,JHIVVAPYMSGYDF-UHFFFAOYSA-N,0,-4.521
OR2J2,O76002,KSMVZQYAVGTKIV-UHFFFAOYSA-N,0,-5.38
OR2J2,O76002,VKCYHJWLYTUGCC-UHFFFAOYSA-N,0,-5.33
OR2J2,O76002,DSSYKIVIOFKYAU-OIBJUYFYSA-N,0,-6.14
OR2J2,O76002,LHXDLQBQYFFVNW-OIBJUYFYSA-N,0,-6.345
OR2J2,O76002,GWYFCOCPABKNJV-UHFFFAOYSA-N,0,-4.409
OR2J2,O76002,QGNDNDFXCNBMKI-FPLPWBNLSA-N,0,-5.759
OR2J2,O76002,ZWEHNKRNPOVVGH-UHFFFAOYSA-N,0,-3.722
OR2J2,O76002,ULDHMXUKGWMISQ-SECBINFHSA-N,0,-6.413
OR2J2,O76002,WWZKQHOCKIZLMA-UHFFFAOYSA-N,0,-4.951
OR2J2,O76002,KMPQYAYAQWNLME-UHFFFAOYSA-N,0,-5.436
OR2J2,O76002,KYQCOXFCLRTKLS-UHFFFAOYSA-N,0,-3.28
OR2J2,O76002,ZCZSIDMEHXZRLG-UHFFFAOYSA-N,0,-5.436
OR2J2,O76002,ZYEMGPIYFIJGTP-UHFFFAOYSA-N,0,-6.048
OR2J2,O76002,ULDHMXUKGWMISQ-VIFPVBQESA-N,0,-6.417
OR2J2,O76002,YLYBTZIQSIBWLI-UHFFFAOYSA-N,0,-5.652
OR2J2,O76002,LRHPLDYGYMQRHN-UHFFFAOYSA-N,0,-3.485
OR2J2,O76002,IPBVNPXQWQGGJP-UHFFFAOYSA-N,0,-5.935
OR2J2,O76002,NOOLISFMXDJSKH-AEJSXWLSSA-N,0,-6.21
OR2J2,O76002,FERIUCNNQQJTOY-UHFFFAOYSA-N,0,-3.844
OR2J2,O76002,SCCDQYPEOIRVGX-UHFFFAOYSA-N,0,-7.051
OR2J2,O76002,GYHFUZHODSMOHU-UHFFFAOYSA-N,0,-4.93
OR2J2,O76002,NMJJFJNHVMGPGM-UHFFFAOYSA-N,0,-4.118
OR2J2,O76002,SJWKGDGUQTWDRV-UHFFFAOYSA-N,0,-5.354
OR2J2,O76002,WKOLLVMJNQIZCI-UHFFFAOYSA-N,0,-6.028
OR2J2,O76002,MMFCJPPRCYDLLZ-CMDGGOBGSA-N,0,-5.397
OR2J2,O76002,FXHGMKSSBGDXIY-UHFFFAOYSA-N,0,-4.543
OR2J2,O76002,ZGEHHVDYDNXYMW-UPHRSURJSA-N,0,-5.143
OR2J2,O76002,UFLHIIWVXFIJGU-ARJAWSKDSA-N,0,-4.412
OR2J2,O76002,NUJGJRNETVAIRJ-UHFFFAOYSA-N,0,-4.726
OR2J2,O76002,FZJUFJKVIYFBSY-UHFFFAOYSA-N,0,-6.97
OR2J2,O76002,MWVFCEVNXHTDNF-UHFFFAOYSA-N,0,-4.78
OR2J2,O76002,ACZGCWSMSTYWDQ-UHFFFAOYSA-N,0,-6.002
OR2J2,O76002,FUZZWVXGSFPDMH-UHFFFAOYSA-N,0,-4.639
OR2J2,O76002,UBJVUCKUDDKUJF-UHFFFAOYSA-N,0,-3.627
OR2J2,O76002,ZPVFWPFBNIEHGJ-UHFFFAOYSA-N,0,-4.85
OR2J2,O76002,RHLVCLIPMVJYKS-UHFFFAOYSA-N,0,-4.919
OR2J2,O76002,HFVMLYAGWXSTQI-QYXZOKGRSA-N,0,-9.619
OR2J2,O76002,QQZOPKMRPOGIEB-UHFFFAOYSA-N,0,-4.588
OR2J2,O76002,NOOLISFMXDJSKH-KXUCPTDWSA-N,0,-6.141
OR2J2,O76002,QMVPMAAFGQKVCJ-JTQLQIEISA-N,0,-5.612
OR2J2,O76002,CATSNJVOTSVZJV-UHFFFAOYSA-N,0,-4.756
OR2J2,O76002,NGAZZOYFWWSOGK-UHFFFAOYSA-N,0,-4.697
OR2J2,O76002,NKMKFQCVDZVEJR-CSKARUKUSA-N,0,-5.373
OR2J2,O76002,YCIXWYOBMVNGTB-UHFFFAOYSA-N,0,-6.131
OR2J2,O76002,ZVEZMVFBMOOHAT-UHFFFAOYSA-N,0,-4.503
OR2J2,O76002,QSJXEFYPDANLFS-UHFFFAOYSA-N,0,-4.218
